Codigo Krona;Codigo Brasal;;Descrição;Valor;
673;3520;UN;ANEL VEDACAO PARA ESGOTO 100MM; R$ 0,845 ; 
674;3667;UN;ANEL VEDACAO PARA ESGOTO 150MM; R$ 3,300 ;
678;5520;UN;ANEL VEDACAO PARA ESGOTO 200MM; R$ 8,039 ;
670;6162;UN;ANEL VEDACAO PARA ESGOTO 40MM; R$ 0,520 ;
671;3528;UN;ANEL VEDACAO PARA ESGOTO 50MM; R$ 0,455 ;
672;3519;UN;ANEL VEDACAO PARA ESGOTO 75MM; R$ 0,754 ;
655;3511;UN;BUCHA REDUCAO PVC ESGOTO 100X50MM NBR 5.688; R$ 3,445 ;
656;6328;UN;BUCHA REDUCAO PVC ESGOTO 100X75MM NBR 5.688; R$ 4,580 ;
592;3513;UN;BUCHA REDUCAO PVC ESGOTO 50X40MM NBR 5.688; R$ 0,950 ;
654;3512;UN;BUCHA REDUCAO PVC ESGOTO 75X50MM NBR 5.688; R$ 3,430 ;
592;15860;UN;BUCHA REDUCAO PVC ESGOTO LONGA 50X40MM NBR 5.688; R$ 1,222 ;
1400;13024;UN;BUCHA REDUCAO PVC ESGOTO SERIE R 50X40MM NBR 5.688; R$ 1,350 ;
596;3498;UN;CAPS PVC ESGOTO 100MM NBR 5.688; R$ 4,100 ;
597;4584;UN;CAPS PVC ESGOTO 150MM NBR 5.688; R$ 11,614 ;
598;8433;UN;CAPS PVC ESGOTO 200MM NBR 5.688; R$ 39,928 ;
593;6164;UN;CAPS PVC ESGOTO 40MM NBR 5.688; R$ 0,624 ;
594;3496;UN;CAPS PVC ESGOTO 50MM NBR 5.688; R$ 2,100 ;
595;3497;UN;CAPS PVC ESGOTO 75MM NBR 5.688; R$ 2,600 ;
1404;9259;UN;CAPS PVC ESGOTO SERIE R 100MM NBR 5.688; R$ 6,665 ;
1405;7065;UN;CAPS PVC ESGOTO SERIE R 150MM NBR 5.688; R$ 11,824 ;
1402;7066;UN;CAPS PVC ESGOTO SERIE R 50MM NBR 5.688; R$ 1,430 ;
1403;7067;UN;CAPS PVC ESGOTO SERIE R 75MM NBR 5.688; R$ 2,430 ;
610;6762;UN;CURVA PVC ESGOTO 45°X150MM NBR 5.688; R$ 81,016 ;
608;4469;PC;CURVA PVC ESGOTO 45°X75MM NBR 5.688; R$ 21,368 ;
601;3500;UN;CURVA PVC ESGOTO 75MM NBR 5.688; R$ 8,774 ;
601;4459;UN;CURVA PVC ESGOTO 90°X75MM NBR 5.688 NBR 5.688; R$ 8,774 ;
729;3540;UN;CURVA PVC ESGOTO CURTA 45°X100MM NBR 5.688; R$ 15,280 ;
602;3559;UN;CURVA PVC ESGOTO CURTA 90°X100MM NBR 5.688; R$ 11,530 ;
599;9001;UN;CURVA PVC ESGOTO CURTA 90°X40MM NBR 5.688; R$ 2,385 ;
600;9000;UN;CURVA PVC ESGOTO CURTA 90°X50MM NBR 5.688; R$ 4,170 ;
1410;13243;UN;CURVA PVC ESGOTO CURTA SERIE R 90°X100MM NBR 5.688; R$ 13,143 ;
1407;14959;UN;CURVA PVC ESGOTO CURTA SERIE R 90°X50MM NBR 5.688; R$ 3,400 ;
1409;13242;UN;CURVA PVC ESGOTO CURTA SERIE R 90°X75MM NBR 5.688; R$ 6,452 ;
609;8909;UN;CURVA PVC ESGOTO LONGA 45°X100MM NBR 5.688; R$ 26,641 ;
610;10272;UN;CURVA PVC ESGOTO LONGA 45°X150MM NBR 5.688; R$ 81,016 ;
606;10307;UN;CURVA PVC ESGOTO LONGA 45°X40MM NBR 5.688; R$ 4,021 ;
607;8999;UN;CURVA PVC ESGOTO LONGA 45°X50MM NBR 5.688; R$ 6,900 ;
608;15859;UN;CURVA PVC ESGOTO LONGA 45°X75MM NBR 5.688; R$ 21,368 ;
636;8908;UN;CURVA PVC ESGOTO LONGA 90°X100MM NBR 5.688; R$ 23,975 ;
637;6165;UN;CURVA PVC ESGOTO LONGA 90°X150MM NBR 5.688; R$ 86,530 ;
1410;7077;UN;CURVA PVC ESGOTO SERIE R  87°X100MM NBR 5.688; R$ 13,143 ;
1425;7078;UN;CURVA PVC ESGOTO SERIE R  87°X75MM NBR 5.688; R$ 5,580 ;
1411;4575;PC;CURVA PVC ESGOTO SERIE R 87º 150MM NBR 5.688; R$ 33,340 ;
1411;7079;UN;CURVA PVC ESGOTO SERIE R 90°X150MM NBR 5.688; R$ 33,340 ;
1411;4482;PC;CURVA PVC ESGOTO SERIE R COLUNA  87° 30X150MM NBR 5.688; R$ 33,340 ;
1410;4467;PC;CURVA PVC ESGOTO SERIE R COLUNA  87° 30°X100MM NBR 5.688; R$ 13,143 ;
1409;4466;PC;CURVA PVC ESGOTO SERIE R COLUNA  87° 30°X75MM NBR 5.688; R$ 6,448 ;
614;3479;UN;JOELHO PVC ESGOTO 45°X100MM NBR 5.688; R$ 4,120 ;
615;5522;UN;JOELHO PVC ESGOTO 45°X150MM NBR 5.688; R$ 19,136 ;
714;4869;PC;JOELHO PVC ESGOTO 45°X200MM NBR 5.688; R$ 64,230 ;
611;3476;UN;JOELHO PVC ESGOTO 45°X40MM NBR 5.688; R$ 1,001 ;
612;3524;UN;JOELHO PVC ESGOTO 45°X50MM NBR 5.688; R$ 1,720 ;
613;3478;UN;JOELHO PVC ESGOTO 45°X75MM NBR 5.688; R$ 3,200 ;
622;4619;PC;JOELHO PVC ESGOTO 90°X100MM COM VISTA 50MM NBR 5.688; R$ 12,942 ;
619;3475;UN;JOELHO PVC ESGOTO 90°X100MM NBR 5.688; R$ 3,390 ;
621;4403;PC;JOELHO PVC ESGOTO 90°X150MM NBR 5.688; R$ 24,956 ;
716;4868;PC;JOELHO PVC ESGOTO 90°X200MM NBR 5.688; R$ 79,560 ;
616;3555;UN;JOELHO PVC ESGOTO 90°X40MM NBR 5.688; R$ 0,663 ;
617;3523;UN;JOELHO PVC ESGOTO 90°X50MM NBR 5.688; R$ 1,420 ;
618;3474;UN;JOELHO PVC ESGOTO 90°X75MM NBR 5.688; R$ 2,750 ;
623;3522;UN;JOELHO PVC ESGOTO COM ANEL 90°X40MM NBR 5.688; R$ 2,782 ;
1416;7081;UN;JOELHO PVC ESGOTO SERIE R 45°X100MM NBR 5.688; R$ 8,627 ;
1417;4587;UN;JOELHO PVC ESGOTO SERIE R 45°X150MM NBR 5.688; R$ 18,863 ;
1413;13023;UN;JOELHO PVC ESGOTO SERIE R 45°X40MM NBR 5.688; R$ 1,066 ;
1414;6903;PC;JOELHO PVC ESGOTO SERIE R 45°X50MM NBR 5.688; R$ 2,390 ;
1415;7086;UN;JOELHO PVC ESGOTO SERIE R 45°X75MM NBR 5.688; R$ 4,675 ;
1422;7085;UN;JOELHO PVC ESGOTO SERIE R 90°X100MM NBR 5.688; R$ 10,995 ;
1423;7083;UN;JOELHO PVC ESGOTO SERIE R 90°X150MM NBR 5.688; R$ 27,027 ;
1419;13022;UN;JOELHO PVC ESGOTO SERIE R 90°X40MM NBR 5.688; R$ 1,456 ;
1420;8910;UN;JOELHO PVC ESGOTO SERIE R 90°X50MM NBR 5.688; R$ 2,925 ;
1421;7087;UN;JOELHO PVC ESGOTO SERIE R 90°X75MM NBR 5.688; R$ 5,772 ;
710;4992;UN;JUNCAO DUPLA PVC ESGOTO 100X100MM NBR 5.688; R$ 25,272 ;
708;6167;UN;JUNCAO DUPLA PVC ESGOTO 75X75MM NBR 5.688; R$ 18,900 ;
1426;7092;UN;JUNCAO DUPLA PVC ESGOTO SERIE R 100MM NBR 5.688; R$ 42,299 ;
709;6166;UN;JUNCAO INVERTIDA PVC ESGOTO 100X100MM NBR 5.688; R$ 25,725 ;
701;9798;UN;JUNCAO INVERTIDA PVC ESGOTO 100X50MM NBR 5.688; R$ 13,420 ;
702;13679;UN;JUNCAO INVERTIDA PVC ESGOTO 100X75MM NBR 5.688; R$ 18,655 ;
700;3503;UN;JUNCAO INVERTIDA PVC ESGOTO 75X50MM NBR 5.688; R$ 7,644 ;
704;4623;PC;JUNCAO INVERTIDA PVC ESGOTO 75X75MM NBR 5.688; R$ 12,102 ;
629;6572;UN;JUNCAO SIMPLES PVC ESGOTO 100X100MM NBR 5.688; R$ 9,490 ;
639;6575;UN;JUNCAO SIMPLES PVC ESGOTO 100X50MM NBR 5.688; R$ 7,007 ;
640;6574;UN;JUNCAO SIMPLES PVC ESGOTO 100X75MM NBR 5.688; R$ 9,399 ;
641;3556;UN;JUNCAO SIMPLES PVC ESGOTO 150X100MM NBR 5.688; R$ 25,831 ;
630;4626;PC;JUNCAO SIMPLES PVC ESGOTO 150X150MM NBR 5.688; R$ 52,300 ;
626;6570;UN;JUNCAO SIMPLES PVC ESGOTO 40X40MM NBR 5.688; R$ 1,653 ;
627;3481;UN;JUNCAO SIMPLES PVC ESGOTO 50X50MM NBR 5.688; R$ 4,095 ;
638;3484;UN;JUNCAO SIMPLES PVC ESGOTO 75X50MM NBR 5.688; R$ 5,187 ;
628;3482;UN;JUNCAO SIMPLES PVC ESGOTO 75X75MM NBR 5.688; R$ 7,371 ;
1430;4878;PC;JUNCAO SIMPLES PVC ESGOTO SERIE R 100MM NBR 5.688; R$ 21,367 ;
1434;7090;UN;JUNCAO SIMPLES PVC ESGOTO SERIE R 100X50MM NBR 5.688; R$ 19,511 ;
1435;7264;UN;JUNCAO SIMPLES PVC ESGOTO SERIE R 100X75MM NBR 5.688; R$ 13,182 ;
1431;4879;PC;JUNCAO SIMPLES PVC ESGOTO SERIE R 150MM NBR 5.688; R$ 49,678 ;
1436;4880;PC;JUNCAO SIMPLES PVC ESGOTO SERIE R 150X100MM NBR 5.688; R$ 53,288 ;
1427;13026;UN;JUNCAO SIMPLES PVC ESGOTO SERIE R 40X40MM NBR 5.688; R$ 2,230 ;
1428;13060;UN;JUNCAO SIMPLES PVC ESGOTO SERIE R 50X50MM NBR 5.688; R$ 5,251 ;
1429;7095;UN;JUNCAO SIMPLES PVC ESGOTO SERIE R 75MM NBR 5.688; R$ 10,026 ;
1433;7094;UN;JUNCAO SIMPLES PVC ESGOTO SERIE R 75X50MM NBR 5.688; R$ 11,133 ;
652;6577;UN;LUVA DE CORRER PVC ESGOTO 100MM NBR 5.688; R$ 9,256 ;
653;6578;UN;LUVA DE CORRER PVC ESGOTO 150MM NBR 5.688; R$ 24,207 ;
649;15966;UN;LUVA DE CORRER PVC ESGOTO 40MM NBR 5.688; R$ 4,181 ;
650;15967;UN;LUVA DE CORRER PVC ESGOTO 50MM NBR 5.688; R$ 4,919 ;
651;13766;UN;LUVA DE CORRER PVC ESGOTO 75MM NBR 5.688; R$ 6,565 ;
1447;20897;UN;LUVA DE CORRER PVC ESGOTO SERIE R 100MM NBR 5.688; R$ 11,038 ;
1448;20900;UN;LUVA DE CORRER PVC ESGOTO SERIE R 150MM NBR 5.688; R$ 40,572 ;
1445;20898;UN;LUVA DE CORRER PVC ESGOTO SERIE R 50MM NBR 5.688; R$ 4,675 ;
1446;20899;UN;LUVA DE CORRER PVC ESGOTO SERIE R 75MM NBR 5.688; R$ 6,696 ;
647;3493;UN;LUVA PVC ESGOTO 100MM NBR 5.688; R$ 2,270 ;
648;3554;UN;LUVA PVC ESGOTO 150MM NBR 5.688; R$ 12,069 ;
720;4983;UN;LUVA PVC ESGOTO 200MM NBR 5.688; R$ 28,902 ;
644;3552;UN;LUVA PVC ESGOTO 40MM NBR 5.688; R$ 0,650 ;
645;3551;UN;LUVA PVC ESGOTO 50MM NBR 5.688; R$ 1,160 ;
646;3550;UN;LUVA PVC ESGOTO 75MM NBR 5.688; R$ 2,640 ;
1441;4615;UN;LUVA PVC ESGOTO SERIE R 100MM NBR 5.688; R$ 5,239 ;
1442;4616;UN;LUVA PVC ESGOTO SERIE R 150MM NBR 5.688; R$ 13,100 ;
1438;13059;UN;LUVA PVC ESGOTO SERIE R 40MM NBR 5.688; R$ 0,767 ;
1439;3491;UN;LUVA PVC ESGOTO SERIE R 50MM NBR 5.688; R$ 1,625 ;
592;3495;UN;REDUCAO CONCENTRICA PVC ESGOTO 50X40MM NBR 5.688; R$ 1,170 ;
655;6433;UN;REDUCAO EXCENTRICA PVC ESGOTO 100X50MM NBR 5.688; R$ 3,197 ;
656;6580;UN;REDUCAO EXCENTRICA PVC ESGOTO 100X75MM NBR 5.688; R$ 5,120 ;
657;6581;UN;REDUCAO EXCENTRICA PVC ESGOTO 150X100MM NBR 5.688; R$ 12,529 ;
724;7112;UN;REDUCAO EXCENTRICA PVC ESGOTO 200X150MM NBR 5.688; R$ 45,171 ;
654;3494;UN;REDUCAO EXCENTRICA ESGOTO PRIM - DN   75X50; R$ 3,200 ;
1452;4452;UN;REDUCAO EXCENTRICA PVC ESGOTO SERIE R 100X75MM NBR 5.688; R$ 6,120 ;
1453;4463;PC;REDUCAO EXCENTRICA PVC ESGOTO SERIE R 150X100MM NBR 5.688; R$ 12,669 ;
1451;12041;UN;REDUCAO EXCENTRICA PVC ESGOTO SERIE R 200X150MM NBR 5.688; R$ 27,734 ;
1450;20547;UN;REDUCAO EXCENTRICA PVC ESGOTO SERIE R 75X50MM NBR 5.688; R$ 5,120 ;
1450;7492;UN;REDUCAO EXCENTRICA PVC ESGOTO SERIE R 75X50MM NBR 5.688; R$ 5,120 ;
656;6587;UN;REDUCAO PVC ESGOTO 100X75MM NBR 5.688; R$ 4,550 ;
1468;3516;UN;TE DE INSPECAO PVC ESGOTO 100MM NBR 5.688; R$ 16,437 ;
728;3501;UN;TE DE INSPECAO PVC ESGOTO 100X75MM NBR 5.688; R$ 16,195 ;
1467;3502;UN;TE DE INSPECAO PVC ESGOTO 75MM NBR 5.688; R$ 15,716 ;
1468;9276;UN;TE DE INSPECAO PVC ESGOTO SERIE R 100MM NBR 5.688; R$ 16,041 ;
1468;7130;UN;TE DE INSPECAO PVC ESGOTO SERIE R 100X75MM NBR 5.688; R$ 15,213 ;
1469;4577;PC;TE DE INSPECAO PVC ESGOTO SERIE R 150X100MM NBR 5.688; R$ 40,250 ;
1469;7017;UN;TE DE INSPECAO PVC ESGOTO SERIE R 150X100MM NBR 5.688; R$ 40,250 ;
1467;7263;UN;TE DE INSPECAO PVC ESGOTO SERIE R 75X75MM NBR 5.688; R$ 14,949 ;
661;6583;UN;TE PVC ESGOTO 100MM NBR 5.688; R$ 7,730 ;
664;3525;UN;TE PVC ESGOTO 100X50MM NBR 5.688; R$ 6,705 ;
665;6172;UN;TE PVC ESGOTO 100X75MM NBR 5.688; R$ 8,736 ;
662;4480;PC;TE PVC ESGOTO 150MM NBR 5.688; R$ 31,538 ;
666;10454;UN;TE PVC ESGOTO 150X100MM NBR 5.688; R$ 28,700 ;
726;3547;PC;TE PVC ESGOTO 200MM NBR 5.688; R$ 155,795 ;
658;3487;UN;TE PVC ESGOTO 40MM NBR 5.688; R$ 1,430 ;
659;3558;UN;TE PVC ESGOTO 50MM NBR 5.688; R$ 2,912 ;
660;4458;UN;TE PVC ESGOTO 75MM NBR 5.688; R$ 7,345 ;
663;3489;UN;TE PVC ESGOTO 75X50MM NBR 5.688; R$ 6,205 ;
1459;7265;UN;TE PVC ESGOTO SERIE R 100MM NBR 5.688; R$ 17,098 ;
1463;13025;UN;TE PVC ESGOTO SERIE R 100X50MM NBR 5.688; R$ 27,183 ;
1464;13838;UN;TE PVC ESGOTO SERIE R 100X75MM NBR 5.688; R$ 13,182 ;
1460;7266;UN;TE PVC ESGOTO SERIE R 150MM NBR 5.688; R$ 39,958 ;
1465;12040;UN;TE PVC ESGOTO SERIE R 150X100MM NBR 5.688; R$ 40,128 ;
1457;13604;UN;TE PVC ESGOTO SERIE R 50MM NBR 5.688; R$ 4,332 ;
1458;7267;UN;TE PVC ESGOTO SERIE R 75MM NBR 5.688; R$ 11,198 ;
100;6879;M;TUBO PVC ESGOTO Ø40MM NBR 5.688; R$ 3,250 ; R$ 19,500 
101;6880;M;TUBO PVC ESGOTO Ø50MM NBR 5.688; R$ 5,564 ; R$ 33,384 
102;8925;M;TUBO PVC ESGOTO Ø75MM NBR 5.688; R$ 8,021 ; R$ 48,126 
103;6881;M;TUBO PVC ESGOTO Ø100MM NBR 5.688; R$ 8,151 ; R$ 48,906 
104;15830;M;TUBO PVC ESGOTO Ø150MM NBR 5.688; R$ 21,921 ; R$ 131,524 
105;8924;M;TUBO PVC ESGOTO Ø200MM NBR 5.688; R$ 53,073 ; R$ 318,435 
135;8930;M;TUBO PVC ESGOTO SERIE R Ø40MM NBR 5.688; R$ 5,993 ; R$ 35,958 
136;8929;M;TUBO PVC ESGOTO SERIE R Ø50MM NBR 5.688; R$ 7,124 ; R$ 42,744 
137;8927;M;TUBO PVC ESGOTO SERIE R Ø75MM NBR 5.688; R$ 11,999 ; R$ 71,994 
138;8926;M;TUBO PVC ESGOTO SERIE R Ø100MM NBR 5.688; R$ 18,746 ; R$ 112,476 
139;6882;M;TUBO PVC ESGOTO SERIE R Ø150MM NBR 5.688; R$ 37,700 ; R$ 226,200 
435;3260;UN;LUVA PVC SOLDAVEL 20MM NBR 9821; R$ 0,270 ;
437;3262;UN;LUVA PVC SOLDAVEL 32MM NBR 9821; R$ 1,112 ;
438;3263;UN;LUVA PVC SOLDAVEL 40MM NBR 9821; R$ 2,015 ;
439;3264;UN;LUVA PVC SOLDAVEL 50MM NBR 9821; R$ 2,015 ;
440;3265;UN;LUVA PVC SOLDAVEL 60MM NBR 9821; R$ 6,417 ;
501;3267;UN;LUVA PVC SOLDAVEL LRM AZUL 20X1/2 NBR 9821; R$ 2,714 ;
502;3268;UN;LUVA PVC SOLDAVEL LRM AZUL 25X3/4 NBR 9821; R$ 3,614 ;
454;3269;UN;TE PVC SOLDAVEL 20MM NBR 9821; R$ 0,442 ;
455;3280;PC;TE PVC SOLDAVEL 25MM NBR 9821; R$ 0,624 ;
360;3283;UN;BUCHA REDUCAO PVC SOLDAVEL 32X20MM NBR 9821; R$ 0,483 ;
363;3284;UN;BUCHA REDUCAO PVC SOLDAVEL 50X40MM NBR 9821; R$ 1,897 ;
342;3285;UN;ADAPTADOR PVC SOLDAVEL COM FLANGE 3/4 NBR 9821; R$ 4,836 ;
457;3291;UN;TE PVC SOLDAVEL 40MM NBR 9821; R$ 3,050 ;
499;3296;UN;JOELHO PVC SOLDAVEL LRM AZUL 25X1/2 NBR 9821; R$ 3,055 ;
429;3297;UN;JOELHO PVC SOLDAVEL 90°X60MM NBR 9821; R$ 10,451 ;
436;3299;UN;LUVA PVC SOLDAVEL 25MM NBR 9821; R$ 0,364 ;
458;3302;UN;TE PVC SOLDAVEL 50MM NBR 9821; R$ 5,031 ;
441;3305;UN;LUVA PVC SOLDAVEL 75MM NBR 9821; R$ 11,131 ;
503;3306;UN;LUVA PVC SOLDAVEL LRM AZUL 25X1/2 NBR 9821; R$ 2,613 ;
464;3310;UN;TE REDUCAO PVC SOLDAVEL 32X25MM NBR 9821; R$ 4,324 ;
459;3311;UN;TE PVC SOLDAVEL 60MM NBR 9821; R$ 13,681 ;
463;3312;UN;TE REDUCAO PVC SOLDAVEL 25X20MM NBR 9821; R$ 1,655 ;
465;3314;UN;TE REDUCAO PVC SOLDAVEL 40X25MM NBR 9821; R$ 5,555 ;
472;3317;UN;TE REDUCAO PVC SOLDAVEL 75X50MM NBR 9821; R$ 35,950 ;
461;3319;UN;TE PVC SOLDAVEL 85MM NBR 9821; R$ 59,175 ;
462;3320;UN;TE PVC SOLDAVEL 110MM NBR 9821; R$ 114,231 ;
330;3321;UN;ADAPTADOR PVC SOLDAVEL 20X1/2 NBR 9821; R$ 0,312 ;
332;3322;UN;ADAPTADOR PVC SOLDAVEL 32X1 NBR 9821; R$ 1,157 ;
336;3324;UN;ADAPTADOR PVC SOLDAVEL 50X1.1/2 NBR 9821; R$ 2,067 ;
337;3325;UN;ADAPTADOR PVC SOLDAVEL 60X2 NBR 9821; R$ 7,141 ;
338;3326;UN;ADAPTADOR PVC SOLDAVEL 75X2 1/2 NBR 9821; R$ 12,614 ;
424;3327;UN;JOELHO PVC SOLDAVEL 90X20MM NBR 9821; R$ 0,221 ;
426;3329;UN;JOELHO PVC SOLDAVEL 90°X32MM NBR 9821; R$ 1,196 ;
427;3330;PC;JOELHO PVC SOLDAVEL 90°X40MM NBR 9821; R$ 2,740 ;
428;3331;UN;JOELHO PVC SOLDAVEL 90°X50MM NBR 9821; R$ 2,240 ;
430;3332;UN;JOELHO PVC SOLDAVEL 90°X75MM NBR 9821; R$ 50,700 ;
497;3333;UN;JOELHO PVC SOLDAVEL LRM AZUL 20X1/2 NBR 9821; R$ 2,560 ;
431;3334;UN;JOELHO PVC SOLDAVEL 90°X85MM NBR 9821; R$ 59,514 ;
432;3335;UN;JOELHO PVC SOLDAVEL 90°X110MM NBR 9821; R$ 136,487 ;
422;3336;UN;JOELHO PVC SOLDAVEL 45°X85MM NBR 9821; R$ 45,851 ;
418;3337;PC;JOELHO PVC SOLDAVEL 45°X40MM NBR 9821; R$ 3,587 ;
479;3340;UN;UNIAO PVC SOLDAVEL 60MM NBR 9821; R$ 50,405 ;
477;3341;UN;UNIAO PVC SOLDAVEL 40MM NBR 9821; R$ 15,976 ;
475;3342;UN;UNIAO PVC SOLDAVEL 25MM NBR 9821; R$ 4,486 ;
340;3343;UN;ADAPTADOR PVC SOLDAVEL 110X4 NBR 9821; R$ 31,122 ;
331;3344;UN;ADAPTADOR PVC SOLDAVEL 25X3/4 NBR 9821; R$ 0,325 ;
360;3345;UN;BUCHA REDUCAO PVC SOLDAVEL 25X20MM NBR 9821; R$ 0,260 ;
361;3346;UN;BUCHA REDUCAO PVC SOLDAVEL 32X25MM NBR 9821; R$ 0,483 ;
362;3347;UN;BUCHA REDUCAO PVC SOLDAVEL 40X32MM NBR 9821; R$ 0,980 ;
369;3348;UN;BUCHA REDUCAO PVC SOLDAVEL 40X25MM NBR 9821; R$ 1,937 ;
364;3349;UN;BUCHA REDUCAO PVC SOLDAVEL 60X50MM NBR 9821; R$ 3,166 ;
375;3350;UN;BUCHA REDUCAO PVC SOLDAVEL 60X40MM NBR 9821; R$ 6,167 ;
365;3351;UN;BUCHA REDUCAO PVC SOLDAVEL 75X60MM NBR 9821; R$ 8,000 ;
482;3352;UN;UNIAO PVC SOLDAVEL 110MM NBR 9821; R$ 208,231 ;
481;3353;UN;UNIAO PVC SOLDAVEL 85MM NBR 9821; R$ 93,460 ;
480;3354;UN;UNIAO PVC SOLDAVEL 75MM NBR 9821; R$ 69,662 ;
377;3355;UN;BUCHA REDUCAO PVC SOLDAVEL 75X50MM NBR 9821; R$ 9,799 ;
366;3356;UN;BUCHA REDUCAO PVC SOLDAVEL 85X75MM NBR 9821; R$ 8,250 ;
359;3357;UN;BUCHA REDUCAO PVC SOLDAVEL 110X85MM NBR 9821; R$ 55,160 ;
378;3358;UN;BUCHA REDUCAO PVC SOLDAVEL 85X60MM NBR 9821; R$ 14,118 ;
442;3359;UN;LUVA PVC SOLDAVEL 85MM NBR 9821; R$ 24,456 ;
443;3360;UN;LUVA PVC SOLDAVEL 110MM NBR 9821; R$ 51,039 ;
485;3361;UN;JOELHO PVC SOLDAVEL LR MARROM 25X1/2 NBR 9821; R$ 0,786 ;
498;3363;PC;JOELHO PVC SOLDAVEL LRM AZUL 25X3/4 NBR 9821; R$ 3,468 ;
870;3366;UN;TE REDUCAO PVC SOLDAVEL 85X60MM NBR 9821; R$ 70,928 ;
371;3367;UN;BUCHA REDUCAO PVC SOLDAVEL 50X25MM NBR 9821; R$ 1,642 ;
506;3369;UN;TE PVC SOLDAVEL LRM AZUL 25X1/2 NBR 9821; R$ 3,809 ;
368;3372;UN;BUCHA REDUCAO PVC SOLDAVEL 40X20MM NBR 9821; R$ 1,830 ;
346;3374;UN;ADAPTADOR PVC SOLDAVEL COM FLANGE 60X2 NBR 9821; R$ 17,944 ;
344;3375;UN;ADAPTADOR PVC SOLDAVEL COM FLANGE 40X1.1/4 NBR 9821; R$ 9,103 ;
417;3377;UN;JOELHO PVC SOLDAVEL 45°X32MM NBR 9821; R$ 2,620 ;
419;3378;UN;JOELHO PVC SOLDAVEL 45°X50MM NBR 9821; R$ 3,770 ;
460;3379;UN;TE PVC SOLDAVEL 75MM NBR 9821; R$ 38,622 ;
374;3380;UN;BUCHA REDUCAO PVC SOLDAVEL 60X32MM NBR 9821; R$ 5,794 ;
373;3381;UN;BUCHA REDUCAO PVC SOLDAVEL 60X25MM NBR 9821; R$ 4,531 ;
372;3382;UN;BUCHA REDUCAO PVC SOLDAVEL 50X32MM NBR 9821; R$ 2,720 ;
456;3384;UN;TE PVC SOLDAVEL 32MM NBR 9821; R$ 1,859 ;
469;3385;UN;TE REDUCAO PVC SOLDAVEL 50X32MM NBR 9821; R$ 7,331 ;
-;3387;UN;TE REDUCAO PVC SOLDAVEL 85X75MM NBR 9821; R$ 74,681 ;
379;3391;UN;BUCHA REDUCAO PVC SOLDAVEL 110X60MM NBR 9821; R$ 32,695 ;
416;4061;PC;JOELHO PVC SOLDAVEL 45°X25MM NBR 9821; R$ 0,910 ;
339;4255;PC;ADAPTADOR PVC SOLDAVEL 85X3 NBR 9821; R$ 12,292 ;
433;4590;UN;JOELHO REDUCAO PVC SOLDAVEL 25X20MM NBR 9821; R$ 1,438 ;
489;4591;UN;LUVA PVC SOLDAVEL LR MARROM 25X1/2 NBR 9821; R$ 0,660 ;
476;4595;UN;UNIAO PVC SOLDAVEL 32MM NBR 9821; R$ 6,898 ;
478;4596;UN;UNIAO PVC SOLDAVEL 50MM NBR 9821; R$ 14,729 ;
468;4601;PC;TE REDUCAO PVC SOLDAVEL 50X25MM NBR 9821; R$ 4,849 ;
469;4602;PC;TE REDUCAO PVC SOLDAVEL 50X32MM NBR 9821; R$ 7,331 ;
470;4603;PC;TE REDUCAO PVC SOLDAVEL 50X40MM NBR 9821; R$ 10,180 ;
387;4814;PC;CAPS PVC SOLDAVEL 60MM NBR 9821; R$ 6,013 ;
333;5042;UN;ADAPTADOR PVC SOLDAVEL 40X1.1/4 NBR 9821; R$ 2,279 ;
293;5156;UN;PLUG PVC 1/2 NBR 9821; R$ 0,338 ;
412;5166;PC;CURVA PVC SOLDAVEL 90°X75MM NBR 9821; R$ 31,109 ;
421;5485;UN;JOELHO PVC SOLDAVEL 45°X75MM NBR 9821; R$ 41,215 ;
411;5566;PC;CURVA PVC SOLDAVEL 90°X60MM NBR 9821; R$ 14,310 ;
425;5626;PC;JOELHO PVC SOLDAVEL 90°X25MM NBR 9821; R$ 0,325 ;
383;5910;PC;CAPS PVC SOLDAVEL 25MM NBR 9821; R$ 0,585 ;
451;6042;UN;LUVA REDUCAO PVC SOLDAVEL 32X25MM NBR 9821; R$ 1,682 ;
484;6092;PC;JOELHO PVC SOLDAVEL LR MARROM 25X3/4 NBR 9821; R$ 1,092 ;
343;6115;UN;ADAPTADOR PVC SOLDAVEL COM FLANGE 32X1 NBR 9821; R$ 7,158 ;
420;6177;UN;JOELHO PVC SOLDAVEL 45°X60MM NBR 9821; R$ 18,494 ;
333;6629;UN;ADAPTADOR PVC SOLDAVEL 40X1.1/2 NBR 9821; R$ 2,279 ;
371;6630;UN;BUCHA REDUCAO PVC SOLDAVEL LONGA 50X25MM NBR 9821; R$ 1,655 ;
369;6631;UN;BUCHA REDUCAO PVC SOLDAVEL LONGA 40X25MM NBR 9821; R$ 1,962 ;
290;6634;UN;NIPLE PVC 1.1/2 NBR 9821; R$ 5,070 ;
294;6724;UN;PLUG ROSCAVEL 3/4 NBR 9821; R$ 0,494 ;
382;6725;UN;CAPS PVC SOLDAVEL 20MM NBR 9821; R$ 0,325 ;
677;6928;KG;PASTA LUBRIFICANTE PVC; R$ 18,681 ;
873;7125;UN;TE REDUCAO PVC SOLDAVEL 110X75MM NBR 9821; R$ 123,340 ;
872;7126;UN;TE REDUCAO PVC SOLDAVEL 110X60MM NBR 9821; R$ 108,368 ;
466;7127;UN;TE REDUCAO PVC SOLDAVEL 40X32MM NBR 9821; R$ 5,468 ;
434;7134;UN;JOELHO REDUCAO SOLDAVEL 32X25MM NBR 9821; R$ 3,228 ;
415;7484;UN;JOELHO PVC SOLDAVEL 45°X20MM NBR 9821; R$ 0,637 ;
295;7488;UN;PLUG ROSCAVEL 1 NBR 9821; R$ 1,313 ;
408;7495;UN;CURVA PVC SOLDAVEL 90°X32MM NBR 9821; R$ 3,380 ;
410;7496;UN;CURVA PVC SOLDAVEL 90°X50MM NBR 9821; R$ 6,955 ;
519;7500;UN;ADESIVO PLASTICO 850 GRAMAS; R$ 28,600 ;
493;8998;UN;TE PVC SOLDAVEL LR MARROM 20X1/2 NBR 9821; R$ 1,495 ;
474;9004;UN;UNIAO PVC SOLDAVEL 20MM NBR 9821; R$ 4,378 ;
389;9074;UN;CAPS PVC SOLDAVEL 85MM NBR 9821; R$ 37,320 ;
386;9174;UN;CAPS PVC SOLDAVEL 50MM NBR 9821; R$ 2,800 ;
388;9175;UN;CAPS PVC SOLDAVEL 75MM NBR 9821; R$ 11,985 ;
390;9176;UN;CAPS PVC SOLDAVEL 110MM NBR 9821; R$ 60,194 ;
348;9275;UN;ADAPTADOR PVC SOLDAVEL COM FLANGE 85X3 NBR 9821; R$ 129,097 ;
423;9282;UN;JOELHO PVC SOLDAVEL 45°X110MM NBR 9821; R$ 126,113 ;
378;9283;UN;BUCHA REDUCAO PVC SOLDAVEL LONGA 85X60MM NBR 9821; R$ 14,118 ;
380;9284;UN;BUCHA REDUCAO PVC SOLDAVEL LONGA 110X75MM NBR 9821; R$ 33,261 ;
349;9331;UN;ADAPTADOR PVC SOLDAVEL FLANGE LIVRE LR MARROM CURTO 110X4 NBR 9821; R$ 182,272 ;
347;9333;UN;ADAPTADOR PVC SOLDAVEL FLANGE LIVRE LR MARROM CURTO 75X2.1/2 NBR 9821; R$ 15,194 ;
401;9399;UN;CURVA PVC SOLDAVEL 45°X110MM NBR 9821; R$ 75,946 ;
313;9428;UN;UNIAO PVC SOLDAVEL COM ROSCA 2 NBR 9821; R$ 37,484 ;
292;9429;UN;NIPLE PVC 2 NBR 9821; R$ 10,170 ;
275;9430;UN;LUVA PVC SOLDAVEL COM ROSCA 2 NBR 9821; R$ 9,996 ;
407;9514;UN;CURVA PVC SOLDAVEL LONGA 90°X25MM NBR 9821; R$ 1,456 ;
488;9596;UN;LUVA PVC SOLDAVEL LR MARROM 25X3/4 NBR 9821; R$ 0,910 ;
504;9656;UN;TE PVC SOLDAVEL LRM AZUL20X1/2 NBR 9821; R$ 4,274 ;
500;9735;UN;JOELHO PVC SOLDAVEL LRM AZUL 32X3/4 NBR 9821; R$ 8,203 ;
414;10027;UN;CURVA PVC SOLDAVEL 90°X110MM NBR 9821; R$ 91,840 ;
384;10143;UN;CAPS PVC SOLDAVEL 32MM NBR 9821; R$ 0,923 ;
450;10174;UN;LUVA REDUCAO PVC SOLDAVEL 25X20MM NBR 9821; R$ 0,936 ;
372;10179;UN;BUCHA REDUCAO PVC SOLDAVEL LONGA 50X32MM NBR 9821; R$ 2,723 ;
397;10336;UN;CURVA PVC SOLDAVEL 45°X50MM NBR 9821; R$ 11,635 ;
414;10481;UN;CURVA PVC SOLDAVEL LONGA 90°X110MM NBR 9821; R$ 91,840 ;
473;11090;UN;TE REDUCAO PVC SOLDAVEL 75X60MM NBR 9821; R$ 46,020 ;
1389;11621;UN;ADESIVO AQUATHERM CPVC 175 GRAMAS; R$ 16,692 ;
345;11717;UN;ADAPTADOR PVC SOLDAVEL COM FLANGE 50X1.1/2 NBR 9821; R$ 12,207 ;
505;11941;UN;TE PVC SOLDAVEL LRMAZUL 25X3/4 NBR 9821; R$ 4,038 ;
400;12202;UN;CURVA PVC SOLDAVEL 45°X85MM NBR 9821; R$ 42,250 ;
288;12260;UN;NIPLE PVC 3/4 NBR 9821; R$ 0,611 ;
385;12805;UN;CAPS PVC SOLDAVEL 40MM NBR 9821; R$ 2,035 ;
874;12937;UN;TE REDUCAO PVC SOLDAVEL 60X25MM NBR 9821; R$ 10,555 ;
409;13109;UN;CURVA PVC SOLDAVEL 90°X40MM NBR 9821; R$ 7,035 ;
490;15047;UN;LUVA PVC SOLDAVEL LR MARROM 32X1 NBR 9821; R$ 2,241 ;
518;15962;UN;ADESIVO PLASTICO COM PINCEL 175 GRAMAS; R$ 8,587 ;
296;16082;UN;PLUG PVC 1.1/2 NBR 9821; R$ 2,340 ;
348;16513;UN;ADAPTADOR PVC SOLDAVEL FLANGE LIVRE LR MARROM CURTO 85X3 NBR 9821; R$ 129,097 ;
393;16815;UN;CURVA PVC SOLDAVEL LONGA 90°X20MM NBR 9821; R$ 1,755 ;
445;17005;UN;LUVA CORRER SOLDAVEL PVC 25MM; R$ 3,766 ;
492;17032;UN;LUVA PVC SOLDAVEL LR MARROM 50X1.1/2 NBR 9821; R$ 8,010 ;
368;17771;UN;BUCHA REDUCAO PVC SOLDAVEL LONGA 40X20MM NBR 9821; R$ 1,526 ;
398;17785;UN;CURVA PVC SOLDAVEL 45°X60MM NBR 9821; R$ 13,260 ;
452;18115;UN;LUVA REDUCAO PVC SOLDAVEL 40X32MM NBR 9821; R$ 1,400 ;
410;18663;UN;CURVA PVC SOLDAVEL LONGA 90°X50MM NBR 9821; R$ 6,955 ;
262;19702;UN;JOELHO REDUCAO PVC ROSCAVEL 3/4X1/2 NBR 9821; R$ 1,165 ;
23;6863;M;TUBO PVC SOLDAVEL 20MM NBR 5648; R$ 1,654 ; R$ 9,922 
24;6864;M;TUBO PVC SOLDAVEL 25MM NBR 5648; R$ 1,921 ; R$ 11,528 
25;6865;M;TUBO PVC SOLDAVEL 32MM NBR 5648; R$ 4,211 ; R$ 25,264 
26;6866;M;TUBO PVC SOLDAVEL 40MM NBR 5648; R$ 8,905 ; R$ 53,430 
27;8902;M;TUBO PVC SOLDAVEL 50MM NBR 5648; R$ 8,437 ; R$ 50,622 
28;6867;M;TUBO PVC SOLDAVEL 60MM NBR 5648; R$ 18,743 ; R$ 112,460 
29;8903;M;TUBO PVC SOLDAVEL 75MM NBR 5648; R$ 33,124 ; R$ 198,744 
30;8904;M;TUBO PVC SOLDAVEL 85MM NBR 5648; R$ 36,299 ; R$ 217,792 
31;8901;M;TUBO PVC SOLDAVEL 110MM NBR 5648; R$ 64,909 ; R$ 389,454 
523;14032;UN;ADESIVO PLASTICO EXTRA FORTE 850 GRAMAS; R$ 58,263 ;
908;4411;UN;CAIXA SIFONADA 150X100X50MM; R$ 16,406 ;
912;6174;UN;CAIXA SIFONADA PVC 150X150X50MM; R$ 16,678 ;
545;17030;UN;REGISTRO ESFERA SOLDAVEL 60MM NBR 15.705 e NBR 6.414; R$ 14,625 ;
325;16466;UN;FITA VEDA-ROSCA 18 X 50 M; R$ 4,722 ;
555;18415;UN;REGISTRO ESFERA 1.1/2 NBR 15.705 e NBR 6.414; R$ 14,469 ;
727;3436;UN;TORNEIRA BOIA 3/4 NBR 10.281; R$ 6,322 ;
1440;3492;UN;LUVA PVC ESGOTO SERIE R 75MM  NBR 5.688; R$ 2,972 ;
904;9009;UN;CAIXA SIFONADA 100X100X50MM; R$ 7,000 ;
521;6914;UN;SOLUCAO LIMPADORA 1L; R$ 31,473 ;
;7060;UN; CAIXA SIFONADA 150X150X75MM; R$ 18,577 ;
904;4268;UN;CAIXA SIFONADA 100X100X50MM; R$ 7,000 ;
928;9391;UN; CORPO CAIXA SIFONADA 100X100X50MM; R$ 6,024 ;
-;19487;PC;TE REDUCAO PVC SOLDAVEL 60X50MM NBR 9821; R$ 16,753 ;
413;9398;UN;CURVA PVC SOLDAVEL 90°X85MM NBR 9821; R$ 42,832 ;
1469;4451;UN;TE DE INSPECAO PVC ESGOTO 150MM NBR 5.688; R$ 45,188 ;
1166;10019;UN;TERMINAL DE VENTILACAO 75MM; R$ 6,197 ;
1167;10020;UN;TERMINAL DE VENTILACAO 100MM; R$ 7,638 ;
1165;12506;UN;TERMINAL DE VENTILACAO 50MM; R$ 3,013 ;
541;3404;UN;REGISTRO ESFERA SOLDAVEL 25X3/4 NBR 15.705 e NBR 8133; R$ 4,020 ;
912;3574;UN;CAIXA SIFONADA 150X150X50MM; R$ 18,913 ;
916;4250;UN;CAIXA SIFONADA 150X185X75MM; R$ 28,863 ;
925;4414;UN;CAIXA SIFONADA 250X230X75MM; R$ 61,261 ;
967;9390;UN;CORPO CAIXA SIFONADA 150X185X75MM; R$ 20,297 ;
541;21383;UN;REGISTRO ESFERA SOLDAVEL 25MM NBR 15.705 e NBR 6.414; R$ 4,020 ;
940;23106;UN;GRELHA PVC REDONDA BRANCA 100MM; R$ 1,313 ;
