codigo_krona;descricao_krona;descricao_normalizada;categoria_detectada;eh_tubo;diametro_mm;comprimento_detectado_m
23;TUBO PVC SOLDAVEL - 6M - 20MM;TUBO PVC SOLDAVEL - 6M - 20MM;TUBO;True;20.0;6.0
24;TUBO PVC SOLDAVEL - 6M - 25MM;TUBO PVC SOLDAVEL - 6M - 25MM;TUBO;True;25.0;6.0
25;TUBO PVC SOLDAVEL - 6M - 32MM;TUBO PVC SOLDAVEL - 6M - 32MM;TUBO;True;32.0;6.0
26;TUBO PVC SOLDAVEL - 6M - 40MM;TUBO PVC SOLDAVEL - 6M - 40MM;TUBO;True;40.0;6.0
27;TUBO PVC SOLDAVEL - 6M - 50MM;TUBO PVC SOLDAVEL - 6M - 50MM;TUBO;True;50.0;6.0
28;TUBO PVC SOLDAVEL - 6M - 60MM;TUBO PVC SOLDAVEL - 6M - 60MM;TUBO;True;60.0;6.0
29;TUBO PVC SOLDAVEL - 6M - 75MM;TUBO PVC SOLDAVEL - 6M - 75MM;TUBO;True;75.0;6.0
30;TUBO PVC SOLDAVEL - 6M - 85MM;TUBO PVC SOLDAVEL - 6M - 85MM;TUBO;True;85.0;6.0
31;TUBO PVC SOLDAVEL - 6M - 110MM;TUBO PVC SOLDAVEL - 6M - 110MM;TUBO;True;110.0;6.0
32;TUBO PVC SOLDAVEL - 3M - 20MM;TUBO PVC SOLDAVEL - 3M - 20MM;TUBO;True;20.0;3.0
33;TUBO PVC SOLDAVEL - 3M - 25MM;TUBO PVC SOLDAVEL - 3M - 25MM;TUBO;True;25.0;3.0
34;TUBO PVC SOLDAVEL - 3M - 32MM;TUBO PVC SOLDAVEL - 3M - 32MM;TUBO;True;32.0;3.0
35;TUBO PVC SOLDAVEL - 3M - 40MM;TUBO PVC SOLDAVEL - 3M - 40MM;TUBO;True;40.0;3.0
36;TUBO PVC SOLDAVEL - 3M - 50MM;TUBO PVC SOLDAVEL - 3M - 50MM;TUBO;True;50.0;3.0
37;TUBO PVC SOLDAVEL - 3M - 60MM;TUBO PVC SOLDAVEL - 3M - 60MM;TUBO;True;60.0;3.0
38;TUBO PVC SOLDAVEL - 3M - 75MM;TUBO PVC SOLDAVEL - 3M - 75MM;TUBO;True;75.0;3.0
50;TUBO ULTRATERM 3M - 15MM;TUBO ULTRATERM 3M - 15MM;TUBO;True;15.0;3.0
51;TUBO ULTRATERM 3M - 22MM;TUBO ULTRATERM 3M - 22MM;TUBO;True;22.0;3.0
52;TUBO ULTRATERM 3M - 28MM;TUBO ULTRATERM 3M - 28MM;TUBO;True;28.0;3.0
100;TUBO PVC ESGOTO SEC. - 6M - DN 40;TUBO PVC ESGOTO SECUNDARIO. - 6M - DN 40;TUBO;True;40.0;6.0
101;TUBO PVC ESGOTO PRIM. - 6M - DN 50;TUBO PVC ESGOTO PRIMARIO. - 6M - DN 50;TUBO;True;50.0;6.0
102;TUBO PVC ESGOTO PRIM. - 6M - DN 75;TUBO PVC ESGOTO PRIMARIO. - 6M - DN 75;TUBO;True;75.0;6.0
103;TUBO PVC ESGOTO PRIM. - 6M - DN 100;TUBO PVC ESGOTO PRIMARIO. - 6M - DN 100;TUBO;True;100.0;6.0
104;TUBO PVC ESGOTO PRIM. - 6M - DN 150;TUBO PVC ESGOTO PRIMARIO. - 6M - DN 150;TUBO;True;150.0;6.0
105;TUBO PVC ESGOTO PRIM. - 6M - DN 200;TUBO PVC ESGOTO PRIMARIO. - 6M - DN 200;TUBO;True;200.0;6.0
106;TUBO PVC LEVE - 6M - DN 250;TUBO PVC LEVE - 6M - DN 250;TUBO;True;250.0;6.0
110;TUBO PVC ESGOTO SEC. - 3M- DN 40;TUBO PVC ESGOTO SECUNDARIO. - 3M - DN 40;TUBO;True;40.0;3.0
111;TUBO PVC ESGOTO PRIM. - 3M- DN 50;TUBO PVC ESGOTO PRIMARIO. - 3M - DN 50;TUBO;True;50.0;3.0
112;TUBO PVC ESGOTO PRIM. - 3M- DN 75;TUBO PVC ESGOTO PRIMARIO. - 3M - DN 75;TUBO;True;75.0;3.0
113;TUBO PVC ESGOTO PRIM. - 3M- DN 100;TUBO PVC ESGOTO PRIMARIO. - 3M - DN 100;TUBO;True;100.0;3.0
114;TUBO PVC ESGOTO PRIM. - 3M- DN 150;TUBO PVC ESGOTO PRIMARIO. - 3M - DN 150;TUBO;True;150.0;3.0
115;TUBO PVC ESGOTO PRIM. - 3M - DN 200;TUBO PVC ESGOTO PRIMARIO. - 3M - DN 200;TUBO;True;200.0;3.0
116;TUBO PVC LEVE - 3M - DN 250;TUBO PVC LEVE - 3M - DN 250;TUBO;True;250.0;3.0
117;TUBO PVC ROSC 1/2;TUBO PVC ROSCAVEL 1 2;TUBO;True;;
118;TUBO PVC ROSC 3/4;TUBO PVC ROSCAVEL 3 4;TUBO;True;;
119;TUBO PVC ROSC  1;TUBO PVC ROSCAVEL 1;TUBO;True;;
120;TUBO PVC ROSC  1.1/4;TUBO PVC ROSCAVEL 1.1 4;TUBO;True;;
121;TUBO PVC ROSC  1.1/2;TUBO PVC ROSCAVEL 1.1 2;TUBO;True;;
122;TUBO PVC ROSC 2;TUBO PVC ROSCAVEL 2;TUBO;True;;
135;TUBO PVC ESG SR 6M DN40X6M;TUBO PVC ESGOTO SERIE REFORCADA 6M DN40X6M;TUBO;True;;6.0
136;TUBO PVC ESG SR 6M DN50X6M;TUBO PVC ESGOTO SERIE REFORCADA 6M DN50X6M;TUBO;True;;6.0
137;TUBO PVC ESG SR 6M DN75X6M;TUBO PVC ESGOTO SERIE REFORCADA 6M DN75X6M;TUBO;True;;6.0
138;TUBO PVC ESG SR 6M DN100X6M;TUBO PVC ESGOTO SERIE REFORCADA 6M DN100X6M;TUBO;True;;6.0
139;TUBO PVC ESG SR 6M DN150X6M;TUBO PVC ESGOTO SERIE REFORCADA 6M DN150X6M;TUBO;True;;6.0
147;TUBO PPR PN20 20MMX3M;TUBO PPR PN20 20MMX3M;TUBO;True;;
148;TUBO PPR PN20 25MMX3M;TUBO PPR PN20 25MMX3M;TUBO;True;;
149;TUBO PPR PN20 32MMX3M;TUBO PPR PN20 32MMX3M;TUBO;True;;
150;TUBO PPR PN20 40MMX3M;TUBO PPR PN20 40MMX3M;TUBO;True;;
151;TUBO PPR PN20 50MMX3M;TUBO PPR PN20 50MMX3M;TUBO;True;;
152;TUBO PPR PN20 63MMX3M;TUBO PPR PN20 63MMX3M;TUBO;True;;
153;TUBO PPR PN20 75MMX3M;TUBO PPR PN20 75MMX3M;TUBO;True;;
154;TUBO PPR PN20 90MMX3M;TUBO PPR PN20 90MMX3M;TUBO;True;;
155;TUBO PPR PN20 110MMX3M;TUBO PPR PN20 110MMX3M;TUBO;True;;
156;TUBO PPR PN25 20MMX3M;TUBO PPR PN25 20MMX3M;TUBO;True;;
157;TUBO PPR PN25 25MMX3M;TUBO PPR PN25 25MMX3M;TUBO;True;;
158;TUBO PPR PN25 32MMX3M;TUBO PPR PN25 32MMX3M;TUBO;True;;
159;TUBO PPR PN25 40MMX3M;TUBO PPR PN25 40MMX3M;TUBO;True;;
160;TUBO PPR PN25 50MMX3M;TUBO PPR PN25 50MMX3M;TUBO;True;;
161;TUBO PPR PN25 63MMX3M;TUBO PPR PN25 63MMX3M;TUBO;True;;
162;TUBO PPR PN25 75MMX3M;TUBO PPR PN25 75MMX3M;TUBO;True;;
163;TUBO PPR PN25 90MMX3M;TUBO PPR PN25 90MMX3M;TUBO;True;;
164;TUBO PPR PN25 110MMX3M;TUBO PPR PN25 110MMX3M;TUBO;True;;
200;ADAPTADOR ROSC. P/CX.DAGUA   1/2;ADAPTADOR ROSCAVEL. P CX.DAGUA 1 2;ADAPTADOR;False;;
201;ADAPTADOR ROSC. P/CX.DAGUA 3/4;ADAPTADOR ROSCAVEL. P CX.DAGUA 3 4;ADAPTADOR;False;;
202;ADAPTADOR ROSC. P/CX.DAGUA     1;ADAPTADOR ROSCAVEL. P CX.DAGUA 1;ADAPTADOR;False;;
203;ADAPTADOR ROSC. P/CX.DAGUA 1.1/4;ADAPTADOR ROSCAVEL. P CX.DAGUA 1.1 4;ADAPTADOR;False;;
204;ADAPTADOR ROSC. P/CX.DAGUA 1.1/2;ADAPTADOR ROSCAVEL. P CX.DAGUA 1.1 2;ADAPTADOR;False;;
205;ADAPTADOR ROSC. P/CX.DAGUA 2;ADAPTADOR ROSCAVEL. P CX.DAGUA 2;ADAPTADOR;False;;
208;BUCHA RED.ROSC. 3/4 X 1/2;BUCHA RED.ROSCAVEL. 3 4 X 1 2;BUCHA;False;;
209;BUCHA RED.ROSC. 1 X 1/2;BUCHA RED.ROSCAVEL. 1 X 1 2;BUCHA;False;;
210;BUCHA RED.ROSC. 1 X 3/4;BUCHA RED.ROSCAVEL. 1 X 3 4;BUCHA;False;;
211;BUCHA RED.ROSC. 1.1/4 X 1;BUCHA RED.ROSCAVEL. 1.1 4 X 1;BUCHA;False;;
212;BUCHA RED.ROSC. 1.1/4 X 3/4;BUCHA RED.ROSCAVEL. 1.1 4 X 3 4;BUCHA;False;;
213;BUCHA RED.ROSC. 1.1/2 X 1/2;BUCHA RED.ROSCAVEL. 1.1 2 X 1 2;BUCHA;False;;
214;BUCHA DE REDUCAO 1.1/2 X 3/4;BUCHA DE REDUCAO 1.1 2 X 3 4;BUCHA;False;;
215;BUCHA DE REDUCAO 1.1/2 X 1;BUCHA DE REDUCAO 1.1 2 X 1;BUCHA;False;;
216;BUCHA RED.ROSC. 1.1/2 X 1.1/4;BUCHA RED.ROSCAVEL. 1.1 2 X 1.1 4;BUCHA;False;;
217;BUCHA RED.ROSC. 2 X 1;BUCHA RED.ROSCAVEL. 2 X 1;BUCHA;False;;
218;BUCHA RED.ROSC. 2 X 1.1/2;BUCHA RED.ROSCAVEL. 2 X 1.1 2;BUCHA;False;;
220;CAP ROSCAVEL 1/2;CAP ROSCAVEL 1 2;CAP;False;;
221;CAP ROSCAVEL 3/4;CAP ROSCAVEL 3 4;CAP;False;;
222;CAP ROSCAVEL 1;CAP ROSCAVEL 1;CAP;False;;
223;CAP ROSCAVEL 1.1/2;CAP ROSCAVEL 1.1 2;CAP;False;;
224;CAP ROSCAVEL 1.1/4;CAP ROSCAVEL 1.1 4;CAP;False;;
225;CAP ROSCAVEL 2;CAP ROSCAVEL 2;CAP;False;;
226;CURVA ROSC 1/2;CURVA ROSCAVEL 1 2;JOELHO;False;;
227;CURVA ROSC 3/4;CURVA ROSCAVEL 3 4;JOELHO;False;;
228;CURVA ROSC 1.1/4;CURVA ROSCAVEL 1.1 4;JOELHO;False;;
229;CURVA ROSC 1.1/2;CURVA ROSCAVEL 1.1 2;JOELHO;False;;
230;CURVA ROSC 1;CURVA ROSCAVEL 1;JOELHO;False;;
250;JOELHO 45 1/2;JOELHO 45 1 2;JOELHO;False;;
251;JOELHO 45 3/4;JOELHO 45 3 4;JOELHO;False;;
252;JOELHO 45 1;JOELHO 45 1;JOELHO;False;;
254;JOELHO 45 1.1/2;JOELHO 45 1.1 2;JOELHO;False;;
256;JOELHO 90 ROSC 1/2;JOELHO 90 ROSCAVEL 1 2;JOELHO;False;;
257;JOELHO 90 ROSC 3/4;JOELHO 90 ROSCAVEL 3 4;JOELHO;False;;
258;JOELHO 90 ROSC 1;JOELHO 90 ROSCAVEL 1;JOELHO;False;;
259;JOELHO 90 ROSC 1.1/4;JOELHO 90 ROSCAVEL 1.1 4;JOELHO;False;;
260;JOELHO 90 ROSC 1.1/2;JOELHO 90 ROSCAVEL 1.1 2;JOELHO;False;;
261;JOELHO 90 ROSC 2;JOELHO 90 ROSCAVEL 2;JOELHO;False;;
262;JOELHO RED ROSC 3/4 X 1/2;JOELHO RED ROSCAVEL 3 4 X 1 2;JOELHO;False;;
263;JOELHO RED ROSC 1 X 3/4;JOELHO RED ROSCAVEL 1 X 3 4;JOELHO;False;;
270;LUVA ROSCAVEL 1/2;LUVA ROSCAVEL 1 2;LUVA;False;;
271;LUVA ROSCAVEL 3/4;LUVA ROSCAVEL 3 4;LUVA;False;;
272;LUVA ROSCAVEL 1;LUVA ROSCAVEL 1;LUVA;False;;
273;LUVA ROSCAVEL 1.1/4;LUVA ROSCAVEL 1.1 4;LUVA;False;;
274;LUVA ROSCAVEL 1.1/2;LUVA ROSCAVEL 1.1 2;LUVA;False;;
275;LUVA ROSCAVEL 2;LUVA ROSCAVEL 2;LUVA;False;;
285;LUVA REDUCAO ROSCAVEL 3/4 X 1/2;LUVA REDUCAO ROSCAVEL 3 4 X 1 2;LUVA;False;;
286;LUVA REDUCAO ROSCAVEL   1  X 3/4;LUVA REDUCAO ROSCAVEL 1 X 3 4;LUVA;False;;
287;NIPEL ROSCAVEL 1/2;NIPEL ROSCAVEL 1 2;;False;;
288;NIPEL ROSCAVEL 3/4;NIPEL ROSCAVEL 3 4;;False;;
289;NIPEL ROSCAVEL 1;NIPEL ROSCAVEL 1;;False;;
290;NIPEL ROSCAVEL 1.1/2;NIPEL ROSCAVEL 1.1 2;;False;;
291;NIPEL ROSCAVEL 1.1/4;NIPEL ROSCAVEL 1.1 4;;False;;
292;NIPEL ROSCAVEL 2;NIPEL ROSCAVEL 2;;False;;
293;PLUG ROSCAVEL 1/2;PLUG ROSCAVEL 1 2;;False;;
294;PLUG ROSCAVEL 3/4;PLUG ROSCAVEL 3 4;;False;;
295;PLUG ROSCAVEL 1;PLUG ROSCAVEL 1;;False;;
296;PLUG ROSCAVEL 1.1/2;PLUG ROSCAVEL 1.1 2;;False;;
297;PLUG ROSCAVEL 1.1/4;PLUG ROSCAVEL 1.1 4;;False;;
298;PLUG ROSCAVEL 2;PLUG ROSCAVEL 2;;False;;
299;TE ROSCAVEL 1/2;TE ROSCAVEL 1 2;TE;False;;
300;TE ROSCAVEL 3/4;TE ROSCAVEL 3 4;TE;False;;
301;TE ROSCAVEL 1;TE ROSCAVEL 1;TE;False;;
302;TE ROSCAVEL 1.1/4;TE ROSCAVEL 1.1 4;TE;False;;
303;TE ROSCAVEL 1.1/2;TE ROSCAVEL 1.1 2;TE;False;;
304;TE ROSCAVEL 2;TE ROSCAVEL 2;TE;False;;
305;TE DE REDUCAO 3/4 X 1/2;TE DE REDUCAO 3 4 X 1 2;TE;False;;
306;TE DE REDUCAO 1 X 3/4;TE DE REDUCAO 1 X 3 4;TE;False;;
307;TE DE REDUCAO 1 1/2 X 3/4;TE DE REDUCAO 1 1 2 X 3 4;TE;False;;
308;UNIAO ROSCAVEL 1/2;UNIAO ROSCAVEL 1 2;UNIAO;False;;
309;UNIAO ROSCAVEL 3/4;UNIAO ROSCAVEL 3 4;UNIAO;False;;
310;UNIAO ROSCAVEL  1;UNIAO ROSCAVEL 1;UNIAO;False;;
311;UNIAO ROSCAVEL  1.1/4;UNIAO ROSCAVEL 1.1 4;UNIAO;False;;
312;UNIAO ROSCAVEL  1.1/2;UNIAO ROSCAVEL 1.1 2;UNIAO;False;;
313;UNIAO ROSCAVEL  2;UNIAO ROSCAVEL 2;UNIAO;False;;
314;UNIAO ROSCAVEL  2.1/2;UNIAO ROSCAVEL 2.1 2;UNIAO;False;;
315;UNIAO ROSCAVEL  3;UNIAO ROSCAVEL 3;UNIAO;False;;
316;UNIAO ROSCAVEL  4;UNIAO ROSCAVEL 4;UNIAO;False;;
320;FITA VEDAROSCA 12MM X 10M;FITA VEDAROSCA 12MM X 10M;;False;12.0;10.0
321;FITA VEDAROSCA 12MM X 25M;FITA VEDAROSCA 12MM X 25M;;False;12.0;
323;FITA VEDAROSCA 18MM X 10M;FITA VEDAROSCA 18MM X 10M;;False;18.0;10.0
324;FITA VEDAROSCA 18MM X 25M;FITA VEDAROSCA 18MM X 25M;;False;18.0;
325;FITA VEDAROSCA 18MM X 50M;FITA VEDAROSCA 18MM X 50M;;False;18.0;
326;LUVA DE CORRER ROSCAVEL 1;LUVA DE CORRER ROSCAVEL 1;LUVA;False;;
327;LUVA DE CORRER ROSCAVEL 1.1/2;LUVA DE CORRER ROSCAVEL 1.1 2;LUVA;False;;
328;LUVA DE CORRER ROSCAVEL 1.1/4;LUVA DE CORRER ROSCAVEL 1.1 4;LUVA;False;;
329;LUVA DE CORRER ROSCAVEL 2;LUVA DE CORRER ROSCAVEL 2;LUVA;False;;
330;ADAPTADOR SOLD CURTO 20MM X 1/2;ADAPTADOR SOLDAVEL CURTO 20MM X 1 2;ADAPTADOR;False;20.0;
331;ADAPTADOR SOLD CURTO 25MM X 3/4;ADAPTADOR SOLDAVEL CURTO 25MM X 3 4;ADAPTADOR;False;25.0;
332;ADAPTADOR SOLD CURTO 32MM X 1;ADAPTADOR SOLDAVEL CURTO 32MM X 1;ADAPTADOR;False;32.0;
333;ADAPTADOR SOLD CURTO 40MM X 1.1/4;ADAPTADOR SOLDAVEL CURTO 40MM X 1.1 4;ADAPTADOR;False;40.0;
336;ADAPTADOR SOLD CURTO 50MM X 1.1/2;ADAPTADOR SOLDAVEL CURTO 50MM X 1.1 2;ADAPTADOR;False;50.0;
337;ADAPTADOR SOLD CURTO 60MM X 2;ADAPTADOR SOLDAVEL CURTO 60MM X 2;ADAPTADOR;False;60.0;
338;ADAPTADOR SOLD CURTO 75MM X 2.1/2;ADAPTADOR SOLDAVEL CURTO 75MM X 2.1 2;ADAPTADOR;False;75.0;
339;ADAPTADOR SOLD CURTO 85MM X 3;ADAPTADOR SOLDAVEL CURTO 85MM X 3;ADAPTADOR;False;85.0;
340;ADAPTADOR SOLD CURTO 110MM X 4;ADAPTADOR SOLDAVEL CURTO 110MM X 4;ADAPTADOR;False;110.0;
341;ADAPTADOR SOLD. P/CX.DAGUA 20MM X 1/2;ADAPTADOR SOLDAVEL. P CX.DAGUA 20MM X 1 2;ADAPTADOR;False;20.0;
342;ADAPTADOR SOLD. P/CX.DAGUA 25MM X 3/4;ADAPTADOR SOLDAVEL. P CX.DAGUA 25MM X 3 4;ADAPTADOR;False;25.0;
343;ADAPTADOR SOLD. P/CX.DAGUA 32MM X 1;ADAPTADOR SOLDAVEL. P CX.DAGUA 32MM X 1;ADAPTADOR;False;32.0;
344;ADAPTADOR SOLD. P/CX.DAGUA 40MM X 1.1/4;ADAPTADOR SOLDAVEL. P CX.DAGUA 40MM X 1.1 4;ADAPTADOR;False;40.0;
345;ADAPTADOR SOLD. P/CX.DAGUA 50MM X 1.1/2;ADAPTADOR SOLDAVEL. P CX.DAGUA 50MM X 1.1 2;ADAPTADOR;False;50.0;
346;ADAPTADOR SOLD. P/CX.DAGUA 60MM X 2;ADAPTADOR SOLDAVEL. P CX.DAGUA 60MM X 2;ADAPTADOR;False;60.0;
347;ADAPTADOR SOLD. P/CX.DAGUA 75MM X 2 1/2;ADAPTADOR SOLDAVEL. P CX.DAGUA 75MM X 2 1 2;ADAPTADOR;False;75.0;
348;ADAPTADOR SOLD. P/CX.DAGUA 85MM X 3;ADAPTADOR SOLDAVEL. P CX.DAGUA 85MM X 3;ADAPTADOR;False;85.0;
349;ADAPTADOR SOLD. P/CX.DAGUA 110MM X 4;ADAPTADOR SOLDAVEL. P CX.DAGUA 110MM X 4;ADAPTADOR;False;110.0;
359;BUCHA RED.SOLD.CURTA  110 X 85MM;BUCHA RED.SOLDAVEL.CURTA 110 X 85MM;BUCHA;False;85.0;
360;BUCHA RED.SOLD.CURTA  25 X 20MM;BUCHA RED.SOLDAVEL.CURTA 25 X 20MM;BUCHA;False;20.0;
361;BUCHA RED.SOLD.CURTA  32 X 25MM;BUCHA RED.SOLDAVEL.CURTA 32 X 25MM;BUCHA;False;25.0;
362;BUCHA RED.SOLD.CURTA  40 X 32MM;BUCHA RED.SOLDAVEL.CURTA 40 X 32MM;BUCHA;False;32.0;
363;BUCHA RED.SOLD.CURTA  50 X 40MM;BUCHA RED.SOLDAVEL.CURTA 50 X 40MM;BUCHA;False;40.0;
364;BUCHA RED.SOLD.CURTA  60 X 50MM;BUCHA RED.SOLDAVEL.CURTA 60 X 50MM;BUCHA;False;50.0;
365;BUCHA RED.SOLD.CURTA  75 X 60MM;BUCHA RED.SOLDAVEL.CURTA 75 X 60MM;BUCHA;False;60.0;
366;BUCHA RED.SOLD.CURTA  85 X 75MM;BUCHA RED.SOLDAVEL.CURTA 85 X 75MM;BUCHA;False;75.0;
367;BUCHA RED.SOLD.LONGA 32 X 20MM;BUCHA RED.SOLDAVEL.LONGA 32 X 20MM;BUCHA;False;20.0;
368;BUCHA RED.SOLD.LONGA 40 X 20MM;BUCHA RED.SOLDAVEL.LONGA 40 X 20MM;BUCHA;False;20.0;
369;BUCHA RED.SOLD.LONGA 40 X 25MM;BUCHA RED.SOLDAVEL.LONGA 40 X 25MM;BUCHA;False;25.0;
370;BUCHA RED.SOLD.LONGA 50 X 20MM;BUCHA RED.SOLDAVEL.LONGA 50 X 20MM;BUCHA;False;20.0;
371;BUCHA RED.SOLD.LONGA 50 X 25MM;BUCHA RED.SOLDAVEL.LONGA 50 X 25MM;BUCHA;False;25.0;
372;BUCHA RED.SOLD.LONGA 50 X 32MM;BUCHA RED.SOLDAVEL.LONGA 50 X 32MM;BUCHA;False;32.0;
373;BUCHA RED.SOLD.LONGA 60 X 25MM;BUCHA RED.SOLDAVEL.LONGA 60 X 25MM;BUCHA;False;25.0;
374;BUCHA RED.SOLD.LONGA 60 X 32MM;BUCHA RED.SOLDAVEL.LONGA 60 X 32MM;BUCHA;False;32.0;
375;BUCHA RED.SOLD.LONGA 60 X 40MM;BUCHA RED.SOLDAVEL.LONGA 60 X 40MM;BUCHA;False;40.0;
376;BUCHA RED.SOLD.LONGA 60 X 50MM;BUCHA RED.SOLDAVEL.LONGA 60 X 50MM;BUCHA;False;50.0;
377;BUCHA RED.SOLD.LONGA 75 X 50MM;BUCHA RED.SOLDAVEL.LONGA 75 X 50MM;BUCHA;False;50.0;
378;BUCHA RED.SOLD.LONGA 85 X 60MM;BUCHA RED.SOLDAVEL.LONGA 85 X 60MM;BUCHA;False;60.0;
379;BUCHA RED.SOLD.LONGA 110 X 60MM;BUCHA RED.SOLDAVEL.LONGA 110 X 60MM;BUCHA;False;60.0;
380;BUCHA RED.SOLD.LONGA 110 X 75MM;BUCHA RED.SOLDAVEL.LONGA 110 X 75MM;BUCHA;False;75.0;
382;CAP SOLD - 20MM;CAP SOLDAVEL - 20MM;CAP;False;20.0;
383;CAP SOLD - 25MM;CAP SOLDAVEL - 25MM;CAP;False;25.0;
384;CAP SOLD - 32MM;CAP SOLDAVEL - 32MM;CAP;False;32.0;
385;CAP SOLD - 40MM;CAP SOLDAVEL - 40MM;CAP;False;40.0;
386;CAP SOLD - 50MM;CAP SOLDAVEL - 50MM;CAP;False;50.0;
387;CAP SOLD - 60MM;CAP SOLDAVEL - 60MM;CAP;False;60.0;
388;CAP SOLD - 75MM;CAP SOLDAVEL - 75MM;CAP;False;75.0;
389;CAP SOLD - 85MM;CAP SOLDAVEL - 85MM;CAP;False;85.0;
390;CAP SOLD - 110MM;CAP SOLDAVEL - 110MM;CAP;False;110.0;
393;CURVA 45 SOLD - 20MM;CURVA 45 SOLDAVEL - 20MM;JOELHO;False;20.0;
394;CURVA 45 SOLD - 25MM;CURVA 45 SOLDAVEL - 25MM;JOELHO;False;25.0;
395;CURVA 45 SOLD - 32MM;CURVA 45 SOLDAVEL - 32MM;JOELHO;False;32.0;
396;CURVA 45 SOLD - 40MM;CURVA 45 SOLDAVEL - 40MM;JOELHO;False;40.0;
397;CURVA 45 SOLD - 50MM;CURVA 45 SOLDAVEL - 50MM;JOELHO;False;50.0;
398;CURVA 45 SOLD - 60MM;CURVA 45 SOLDAVEL - 60MM;JOELHO;False;60.0;
399;CURVA 45 SOLD - 75MM;CURVA 45 SOLDAVEL - 75MM;JOELHO;False;75.0;
400;CURVA 45 SOLD - 85MM;CURVA 45 SOLDAVEL - 85MM;JOELHO;False;85.0;
401;CURVA 45 SOLD - 110MM;CURVA 45 SOLDAVEL - 110MM;JOELHO;False;110.0;
402;CURVA DE TRANSPOSICAO SOLD - 20MM;CURVA DE TRANSPOSICAO SOLDAVEL - 20MM;JOELHO;False;20.0;
403;CURVA DE TRANSPOSICAO SOLD - 25MM;CURVA DE TRANSPOSICAO SOLDAVEL - 25MM;JOELHO;False;25.0;
404;CURVA DE TRANSPOSICAO SOLD - 32MM;CURVA DE TRANSPOSICAO SOLDAVEL - 32MM;JOELHO;False;32.0;
406;CURVA 90 SOLD - 20MM;CURVA 90 SOLDAVEL - 20MM;JOELHO;False;20.0;
407;CURVA 90 SOLD - 25MM;CURVA 90 SOLDAVEL - 25MM;JOELHO;False;25.0;
408;CURVA 90 SOLD - 32MM;CURVA 90 SOLDAVEL - 32MM;JOELHO;False;32.0;
409;CURVA 90 SOLD - 40MM;CURVA 90 SOLDAVEL - 40MM;JOELHO;False;40.0;
410;CURVA 90 SOLD - 50MM;CURVA 90 SOLDAVEL - 50MM;JOELHO;False;50.0;
411;CURVA 90 SOLD - 60MM;CURVA 90 SOLDAVEL - 60MM;JOELHO;False;60.0;
412;CURVA 90 SOLD - 75MM;CURVA 90 SOLDAVEL - 75MM;JOELHO;False;75.0;
413;CURVA 90 SOLD - 85MM;CURVA 90 SOLDAVEL - 85MM;JOELHO;False;85.0;
414;CURVA 90 SOLD - 110MM;CURVA 90 SOLDAVEL - 110MM;JOELHO;False;110.0;
415;JOELHO 45 SOLD - 20MM;JOELHO 45 SOLDAVEL - 20MM;JOELHO;False;20.0;
416;JOELHO 45 SOLD - 25MM;JOELHO 45 SOLDAVEL - 25MM;JOELHO;False;25.0;
417;JOELHO 45 SOLD - 32MM;JOELHO 45 SOLDAVEL - 32MM;JOELHO;False;32.0;
418;JOELHO 45 SOLD - 40MM;JOELHO 45 SOLDAVEL - 40MM;JOELHO;False;40.0;
419;JOELHO 45 SOLD - 50MM;JOELHO 45 SOLDAVEL - 50MM;JOELHO;False;50.0;
420;JOELHO 45 SOLD - 60MM;JOELHO 45 SOLDAVEL - 60MM;JOELHO;False;60.0;
421;JOELHO 45 SOLD - 75MM;JOELHO 45 SOLDAVEL - 75MM;JOELHO;False;75.0;
422;JOELHO 45 SOLD - 85MM;JOELHO 45 SOLDAVEL - 85MM;JOELHO;False;85.0;
423;JOELHO 45 SOLD - 110MM;JOELHO 45 SOLDAVEL - 110MM;JOELHO;False;110.0;
424;JOELHO 90 SOLD - 20MM;JOELHO 90 SOLDAVEL - 20MM;JOELHO;False;20.0;
425;JOELHO 90 SOLD - 25MM;JOELHO 90 SOLDAVEL - 25MM;JOELHO;False;25.0;
426;JOELHO 90 SOLD - 32MM;JOELHO 90 SOLDAVEL - 32MM;JOELHO;False;32.0;
427;JOELHO 90 SOLD - 40MM;JOELHO 90 SOLDAVEL - 40MM;JOELHO;False;40.0;
428;JOELHO 90 SOLD - 50MM;JOELHO 90 SOLDAVEL - 50MM;JOELHO;False;50.0;
429;JOELHO 90 SOLD - 60MM;JOELHO 90 SOLDAVEL - 60MM;JOELHO;False;60.0;
430;JOELHO 90 SOLD - 75MM;JOELHO 90 SOLDAVEL - 75MM;JOELHO;False;75.0;
431;JOELHO 90 SOLD - 85MM;JOELHO 90 SOLDAVEL - 85MM;JOELHO;False;85.0;
432;JOELHO 90 SOLD - 110MM;JOELHO 90 SOLDAVEL - 110MM;JOELHO;False;110.0;
433;JOELHO 90 RED. SOLD 25 X 20MM;JOELHO 90 RED. SOLDAVEL 25 X 20MM;JOELHO;False;20.0;
434;JOELHO 90 RED. SOLD 32 X 25MM;JOELHO 90 RED. SOLDAVEL 32 X 25MM;JOELHO;False;25.0;
435;LUVA SOLD - 20MM;LUVA SOLDAVEL - 20MM;LUVA;False;20.0;
436;LUVA SOLD - 25MM;LUVA SOLDAVEL - 25MM;LUVA;False;25.0;
437;LUVA SOLD - 32MM;LUVA SOLDAVEL - 32MM;LUVA;False;32.0;
438;LUVA SOLD - 40MM;LUVA SOLDAVEL - 40MM;LUVA;False;40.0;
439;LUVA SOLD - 50MM;LUVA SOLDAVEL - 50MM;LUVA;False;50.0;
440;LUVA SOLD - 60MM;LUVA SOLDAVEL - 60MM;LUVA;False;60.0;
441;LUVA SOLD - 75MM;LUVA SOLDAVEL - 75MM;LUVA;False;75.0;
442;LUVA SOLD - 85MM;LUVA SOLDAVEL - 85MM;LUVA;False;85.0;
443;LUVA SOLD - 110MM;LUVA SOLDAVEL - 110MM;LUVA;False;110.0;
444;LUVA DE CORRER P/TUBO SOLD.20MM;LUVA DE CORRER P TUBO SOLDAVEL.20MM;TUBO;True;20.0;
445;LUVA DE CORRER P/TUBO SOLD.25MM;LUVA DE CORRER P TUBO SOLDAVEL.25MM;TUBO;True;25.0;
446;LUVA DE CORRER P/TUBO SOLD.32MM;LUVA DE CORRER P TUBO SOLDAVEL.32MM;TUBO;True;32.0;
447;LUVA DE CORRER P/TUBO SOLD.40MM;LUVA DE CORRER P TUBO SOLDAVEL.40MM;TUBO;True;40.0;
448;LUVA DE CORRER P/TUBO SOLD.50MM;LUVA DE CORRER P TUBO SOLDAVEL.50MM;TUBO;True;50.0;
449;LUVA DE CORRER P/TUBO SOLD.60MM;LUVA DE CORRER P TUBO SOLDAVEL.60MM;TUBO;True;60.0;
450;LUVA RED. SOLD. 25 X 20MM;LUVA RED. SOLDAVEL. 25 X 20MM;LUVA;False;20.0;
451;LUVA RED. SOLD. 32 X 25MM;LUVA RED. SOLDAVEL. 32 X 25MM;LUVA;False;25.0;
452;LUVA RED. SOLD. 40 X 32MM;LUVA RED. SOLDAVEL. 40 X 32MM;LUVA;False;32.0;
453;LUVA RED. SOLD. 50 X 25MM;LUVA RED. SOLDAVEL. 50 X 25MM;LUVA;False;25.0;
454;TE SOLD - 20MM;TE SOLDAVEL - 20MM;TE;False;20.0;
455;TE SOLD - 25MM;TE SOLDAVEL - 25MM;TE;False;25.0;
456;TE SOLD - 32MM;TE SOLDAVEL - 32MM;TE;False;32.0;
457;TE SOLD - 40MM;TE SOLDAVEL - 40MM;TE;False;40.0;
458;TE SOLD - 50MM;TE SOLDAVEL - 50MM;TE;False;50.0;
459;TE SOLD - 60MM;TE SOLDAVEL - 60MM;TE;False;60.0;
460;TE SOLD - 75MM;TE SOLDAVEL - 75MM;TE;False;75.0;
461;TE SOLD - 85MM;TE SOLDAVEL - 85MM;TE;False;85.0;
462;TE SOLD - 110MM;TE SOLDAVEL - 110MM;TE;False;110.0;
463;TE RED SOLD - 25 X 20MM;TE RED SOLDAVEL - 25 X 20MM;TE;False;20.0;
464;TE RED SOLD - 32 X 25MM;TE RED SOLDAVEL - 32 X 25MM;TE;False;25.0;
465;TE RED SOLD - 40 X 25MM;TE RED SOLDAVEL - 40 X 25MM;TE;False;25.0;
466;TE RED SOLD - 40 X 32MM;TE RED SOLDAVEL - 40 X 32MM;TE;False;32.0;
468;TE RED SOLD - 50 X 25MM;TE RED SOLDAVEL - 50 X 25MM;TE;False;25.0;
469;TE RED SOLD - 50 X 32MM;TE RED SOLDAVEL - 50 X 32MM;TE;False;32.0;
470;TE RED SOLD - 50 X 40MM;TE RED SOLDAVEL - 50 X 40MM;TE;False;40.0;
472;TE RED SOLD - 75 X 50MM;TE RED SOLDAVEL - 75 X 50MM;TE;False;50.0;
473;TE RED SOLD - 75 X 60MM;TE RED SOLDAVEL - 75 X 60MM;TE;False;60.0;
474;UNIAO SOLD - 20MM;UNIAO SOLDAVEL - 20MM;UNIAO;False;20.0;
475;UNIAO SOLD - 25MM;UNIAO SOLDAVEL - 25MM;UNIAO;False;25.0;
476;UNIAO SOLD - 32MM;UNIAO SOLDAVEL - 32MM;UNIAO;False;32.0;
477;UNIAO SOLD - 40MM;UNIAO SOLDAVEL - 40MM;UNIAO;False;40.0;
478;UNIAO SOLD - 50MM;UNIAO SOLDAVEL - 50MM;UNIAO;False;50.0;
479;UNIAO SOLD - 60MM;UNIAO SOLDAVEL - 60MM;UNIAO;False;60.0;
480;UNIAO SOLD - 75MM;UNIAO SOLDAVEL - 75MM;UNIAO;False;75.0;
481;UNIAO SOLD - 85MM;UNIAO SOLDAVEL - 85MM;UNIAO;False;85.0;
482;UNIAO SOLD - 110MM;UNIAO SOLDAVEL - 110MM;UNIAO;False;110.0;
483;JOELHO 90 SOLD E ROSCA (LR) 20MM X 1/2;JOELHO 90 SOLDAVEL E ROSCA LR 20MM X 1 2;JOELHO;False;20.0;
484;JOELHO 90 SOLD E ROSCA (LR) 25MM X 3/4;JOELHO 90 SOLDAVEL E ROSCA LR 25MM X 3 4;JOELHO;False;25.0;
485;JOELHO 90 SOLD E ROSCA (LR) 25MM X 1/2;JOELHO 90 SOLDAVEL E ROSCA LR 25MM X 1 2;JOELHO;False;25.0;
486;JOELHO 90 SOLD E ROSCA (LR) 32MM X 3/4;JOELHO 90 SOLDAVEL E ROSCA LR 32MM X 3 4;JOELHO;False;32.0;
487;LUVA SOLD E ROSCA (LR) 20MM X 1/2;LUVA SOLDAVEL E ROSCA LR 20MM X 1 2;LUVA;False;20.0;
488;LUVA SOLD E ROSCA (LR) 25MM X 3/4;LUVA SOLDAVEL E ROSCA LR 25MM X 3 4;LUVA;False;25.0;
489;LUVA SOLD E ROSCA (LR) 25MM X 1/2;LUVA SOLDAVEL E ROSCA LR 25MM X 1 2;LUVA;False;25.0;
490;LUVA SOLD E ROSCA (LR) 32MM X 1;LUVA SOLDAVEL E ROSCA LR 32MM X 1;LUVA;False;32.0;
491;LUVA SOLD E ROSCA (LR) 40MM X 1.1/4;LUVA SOLDAVEL E ROSCA LR 40MM X 1.1 4;LUVA;False;40.0;
492;LUVA SOLD E ROSCA (LR) 50MM X 1.1/2;LUVA SOLDAVEL E ROSCA LR 50MM X 1.1 2;LUVA;False;50.0;
493;TE SOLD E ROSCA (LR) 20MM X 1/2;TE SOLDAVEL E ROSCA LR 20MM X 1 2;TE;False;20.0;
494;TE SOLD E ROSCA (LR) 25MM X 3/4;TE SOLDAVEL E ROSCA LR 25MM X 3 4;TE;False;25.0;
495;TE SOLD E ROSCA (LR) 25MM X 1/2;TE SOLDAVEL E ROSCA LR 25MM X 1 2;TE;False;25.0;
496;TE SOLD E ROSCA (LR) 32MM X 3/4;TE SOLDAVEL E ROSCA LR 32MM X 3 4;TE;False;32.0;
497;JOELHO 90 SOLD C/BUCHA LATAO 20MM X 1/2;JOELHO 90 SOLDAVEL C BUCHA LATAO 20MM X 1 2;JOELHO;False;20.0;
498;JOELHO 90 SOLD C/BUCHA LATAO 25MM X 3/4;JOELHO 90 SOLDAVEL C BUCHA LATAO 25MM X 3 4;JOELHO;False;25.0;
499;JOELHO 90 SOLD C/BUCHA LATAO 25MM X 1/2;JOELHO 90 SOLDAVEL C BUCHA LATAO 25MM X 1 2;JOELHO;False;25.0;
500;JOELHO 90 SOLD. C/ BUCHA LATAO 32MM X 3/4;JOELHO 90 SOLDAVEL. C BUCHA LATAO 32MM X 3 4;JOELHO;False;32.0;
501;LUVA SOLD C/BUCHA LATAO 20MM X 1/2;LUVA SOLDAVEL C BUCHA LATAO 20MM X 1 2;LUVA;False;20.0;
502;LUVA SOLD C/BUCHA LATAO 25MM X 3/4;LUVA SOLDAVEL C BUCHA LATAO 25MM X 3 4;LUVA;False;25.0;
503;LUVA SOLD C/BUCHA LATAO 25MM X 1/2;LUVA SOLDAVEL C BUCHA LATAO 25MM X 1 2;LUVA;False;25.0;
504;TE SOLD C/BUCHA LATAO 20MM X 1/2;TE SOLDAVEL C BUCHA LATAO 20MM X 1 2;TE;False;20.0;
505;TE SOLD C/BUCHA LATAO 25MM X 3/4;TE SOLDAVEL C BUCHA LATAO 25MM X 3 4;TE;False;25.0;
506;TE SOLD C/BUCHA LATAO 25MM X 1/2;TE SOLDAVEL C BUCHA LATAO 25MM X 1 2;TE;False;25.0;
507;TE SOLD C/BUCHA LATAO 32MM X 3/4;TE SOLDAVEL C BUCHA LATAO 32MM X 3 4;TE;False;32.0;
516;ADESIVO PLASTICO 17G.;ADESIVO PLASTICO 17G.;ADESIVO;False;;
517;ADESIVO PLASTICO 75G.;ADESIVO PLASTICO 75G.;ADESIVO;False;;
518;ADESIVO PLASTICO 175G C/ PINCEL;ADESIVO PLASTICO 175G C PINCEL;ADESIVO;False;;
519;ADESIVO FRASCO 850 G;ADESIVO FRASCO 850 G;ADESIVO;False;;
520;SOLUCAO PREPARADORA 200 ML;SOLUCAO PREPARADORA 200 ML;;False;;
521;SOLUCAO PREPARADORA 1000 ML;SOLUCAO PREPARADORA 1000 ML;;False;;
522;ADESIVO PLASTICO 175G C/ PINCEL EXTRA FORTE;ADESIVO PLASTICO 175G C PINCEL EXTRA FORTE;ADESIVO;False;;
523;ADESIVO FRASCO 850 G EXTRA FORTE;ADESIVO FRASCO 850 G EXTRA FORTE;ADESIVO;False;;
540;REGISTRO ESFERA SOLD - 20MM;REGISTRO ESFERA SOLDAVEL - 20MM;REGISTRO;False;20.0;
541;REGISTRO ESFERA SOLD - 25MM;REGISTRO ESFERA SOLDAVEL - 25MM;REGISTRO;False;25.0;
542;REGISTRO ESFERA SOLD - 32MM;REGISTRO ESFERA SOLDAVEL - 32MM;REGISTRO;False;32.0;
543;REGISTRO ESFERA SOLD - 40MM;REGISTRO ESFERA SOLDAVEL - 40MM;REGISTRO;False;40.0;
544;REGISTRO ESFERA SOLD - 50MM;REGISTRO ESFERA SOLDAVEL - 50MM;REGISTRO;False;50.0;
545;REGISTRO ESFERA SOLD - 60MM;REGISTRO ESFERA SOLDAVEL - 60MM;REGISTRO;False;60.0;
546;REGISTRO ESFERA SOLD - 75MM;REGISTRO ESFERA SOLDAVEL - 75MM;REGISTRO;False;75.0;
547;REGISTRO ESFERA SOLD - 85MM;REGISTRO ESFERA SOLDAVEL - 85MM;REGISTRO;False;85.0;
548;REGISTRO ESFERA SOLD - 110MM;REGISTRO ESFERA SOLDAVEL - 110MM;REGISTRO;False;110.0;
551;REGISTRO ESFERA ROSCAVEL - 1/2;REGISTRO ESFERA ROSCAVEL - 1 2;REGISTRO;False;;
552;REGISTRO ESFERA ROSCAVEL - 3/4;REGISTRO ESFERA ROSCAVEL - 3 4;REGISTRO;False;;
553;REGISTRO ESFERA ROSCAVEL - 1;REGISTRO ESFERA ROSCAVEL - 1;REGISTRO;False;;
554;REGISTRO ESFERA ROSCAVEL - 1.1/4;REGISTRO ESFERA ROSCAVEL - 1.1 4;REGISTRO;False;;
555;REGISTRO ESFERA ROSCAVEL - 1.1/2;REGISTRO ESFERA ROSCAVEL - 1.1 2;REGISTRO;False;;
556;REGISTRO ESFERA ROSCAVEL - 2;REGISTRO ESFERA ROSCAVEL - 2;REGISTRO;False;;
557;REGISTRO ESFERA ROSCAVEL - 2.1/2;REGISTRO ESFERA ROSCAVEL - 2.1 2;REGISTRO;False;;
558;REGISTRO ESFERA ROSCAVEL - 3;REGISTRO ESFERA ROSCAVEL - 3;REGISTRO;False;;
559;REGISTRO ESFERA ROSCAVEL - 4;REGISTRO ESFERA ROSCAVEL - 4;REGISTRO;False;;
561;REGISTRO ESF.SOLD.C/ UNIAO - 20MM;REGISTRO ESF.SOLDAVEL.C UNIAO - 20MM;REGISTRO;False;20.0;
562;REGISTRO ESF.SOLD.C/ UNIAO - 25MM;REGISTRO ESF.SOLDAVEL.C UNIAO - 25MM;REGISTRO;False;25.0;
563;REGISTRO ESF.SOLD.C/ UNIAO - 32MM;REGISTRO ESF.SOLDAVEL.C UNIAO - 32MM;REGISTRO;False;32.0;
564;REGISTRO ESF.SOLD.C/ UNIAO - 40MM;REGISTRO ESF.SOLDAVEL.C UNIAO - 40MM;REGISTRO;False;40.0;
565;REGISTRO ESF.SOLD.C/ UNIAO - 50MM;REGISTRO ESF.SOLDAVEL.C UNIAO - 50MM;REGISTRO;False;50.0;
566;REGISTRO ESF.SOLD.C/ UNIAO - 60MM;REGISTRO ESF.SOLDAVEL.C UNIAO - 60MM;REGISTRO;False;60.0;
567;REGISTRO PRESSAO SOLDAVEL BRANCO - 20MM;REGISTRO PRESSAO SOLDAVEL BRANCO - 20MM;REGISTRO;False;20.0;
568;REGISTRO PRESSAO SOLDAVEL BRANCO - 25MM;REGISTRO PRESSAO SOLDAVEL BRANCO - 25MM;REGISTRO;False;25.0;
569;REPARO P/REGISTRO PRESSAO BRANCO;REPARO P REGISTRO PRESSAO BRANCO;REGISTRO;False;;
570;REGISTRO ESF.ROSC.C/ UNIAO - 1/2;REGISTRO ESF.ROSCAVEL.C UNIAO - 1 2;REGISTRO;False;;
571;REGISTRO ESF.ROSC.C/ UNIAO - 3/4;REGISTRO ESF.ROSCAVEL.C UNIAO - 3 4;REGISTRO;False;;
572;REGISTRO ESF.ROSC.C/ UNIAO - 1;REGISTRO ESF.ROSCAVEL.C UNIAO - 1;REGISTRO;False;;
573;REGISTRO ESF.ROSC.C/ UNIAO - 1 1/4;REGISTRO ESF.ROSCAVEL.C UNIAO - 1 1 4;REGISTRO;False;;
574;REGISTRO ESF.ROSC.C/ UNIAO - 1.1/2;REGISTRO ESF.ROSCAVEL.C UNIAO - 1.1 2;REGISTRO;False;;
575;REGISTRO ESF.ROSC.C/ UNIAO - 2;REGISTRO ESF.ROSCAVEL.C UNIAO - 2;REGISTRO;False;;
577;REGISTRO ESFERA C/ROSCA EXT. - 1/2;REGISTRO ESFERA C ROSCA EXT. - 1 2;REGISTRO;False;;
578;REGISTRO ESFERA C/ROSCA EXT. - 3/4;REGISTRO ESFERA C ROSCA EXT. - 3 4;REGISTRO;False;;
581;REGISTRO PRESSAO SOLDAVEL - 20MM;REGISTRO PRESSAO SOLDAVEL - 20MM;REGISTRO;False;20.0;
582;REGISTRO PRESSAO SOLDAVEL - 25MM;REGISTRO PRESSAO SOLDAVEL - 25MM;REGISTRO;False;25.0;
583;REGISTRO ESFERA C/ CABECA QUADRADA 1/2;REGISTRO ESFERA C CABECA QUADRADA 1 2;REGISTRO;False;;
584;REGISTRO ESFERA C/ CABECA QUADRADA 3/4;REGISTRO ESFERA C CABECA QUADRADA 3 4;REGISTRO;False;;
585;REPARO P/REGISTRO PRESSAO;REPARO P REGISTRO PRESSAO;REGISTRO;False;;
587;LUVA RED. SOLD. 60 X 50MM;LUVA RED. SOLDAVEL. 60 X 50MM;LUVA;False;50.0;
588;LUVA RED. SOLD. 75 X 60MM;LUVA RED. SOLDAVEL. 75 X 60MM;LUVA;False;60.0;
589;LUVA RED. SOLD. 110 X 75MM;LUVA RED. SOLDAVEL. 110 X 75MM;LUVA;False;75.0;
592;BUCHA RED.LONGA P/ESGOTO DN 50 X 40;BUCHA RED.LONGA P ESGOTO DN 50 X 40;BUCHA;False;50.0;
593;CAP ESGOTO SEC.   - DN 40;CAP ESGOTO SECUNDARIO. - DN 40;CAP;False;40.0;
594;CAP ESGOTO PRIM. - DN 50;CAP ESGOTO PRIMARIO. - DN 50;CAP;False;50.0;
595;CAP ESGOTO PRIM. - DN 75;CAP ESGOTO PRIMARIO. - DN 75;CAP;False;75.0;
596;CAP ESGOTO PRIM. - DN 100;CAP ESGOTO PRIMARIO. - DN 100;CAP;False;100.0;
597;CAP ESGOTO PRIM. - DN 150;CAP ESGOTO PRIMARIO. - DN 150;CAP;False;150.0;
598;CAP ESGOTO PRIM. - DN 200;CAP ESGOTO PRIMARIO. - DN 200;CAP;False;200.0;
599;CURVA 90 CURTA P/ESG.SEC - DN 40;CURVA 90 CURTA P ESGOTO.SECUNDARIO - DN 40;JOELHO;False;40.0;
600;CURVA 90 CURTA P/ESG.PRIM - DN 50;CURVA 90 CURTA P ESGOTO.PRIMARIO - DN 50;JOELHO;False;50.0;
601;CURVA 90 CURTA P/ESG.PRIM - DN 75;CURVA 90 CURTA P ESGOTO.PRIMARIO - DN 75;JOELHO;False;75.0;
602;CURVA 90 CURTA P/ESG.PRIM - DN 100;CURVA 90 CURTA P ESGOTO.PRIMARIO - DN 100;JOELHO;False;100.0;
606;CURVA 45 ESG. LONGA DN 40;CURVA 45 ESGOTO. LONGA DN 40;JOELHO;False;40.0;
607;CURVA 45 ESG. LONGA DN 50;CURVA 45 ESGOTO. LONGA DN 50;JOELHO;False;50.0;
608;CURVA 45 ESG. LONGA DN 75;CURVA 45 ESGOTO. LONGA DN 75;JOELHO;False;75.0;
609;CURVA 45 ESG. LONGA DN 100;CURVA 45 ESGOTO. LONGA DN 100;JOELHO;False;100.0;
610;CURVA 45 ESG. LONGA DN 150;CURVA 45 ESGOTO. LONGA DN 150;JOELHO;False;150.0;
611;JOELHO 45 ESGOTO SEC - DN 40;JOELHO 45 ESGOTO SECUNDARIO - DN 40;JOELHO;False;40.0;
612;JOELHO 45 ESGOTO PRIM - DN 50;JOELHO 45 ESGOTO PRIMARIO - DN 50;JOELHO;False;50.0;
613;JOELHO 45 ESGOTO PRIM - DN 75;JOELHO 45 ESGOTO PRIMARIO - DN 75;JOELHO;False;75.0;
614;JOELHO 45 ESGOTO PRIM - DN 100;JOELHO 45 ESGOTO PRIMARIO - DN 100;JOELHO;False;100.0;
615;JOELHO 45 ESGOTO PRIM - DN 150;JOELHO 45 ESGOTO PRIMARIO - DN 150;JOELHO;False;150.0;
616;JOELHO 90 ESGOTO SEC.  - DN 40;JOELHO 90 ESGOTO SECUNDARIO. - DN 40;JOELHO;False;40.0;
617;JOELHO 90 ESGOTO PRIM - DN 50;JOELHO 90 ESGOTO PRIMARIO - DN 50;JOELHO;False;50.0;
618;JOELHO 90 ESGOTO PRIM - DN 75;JOELHO 90 ESGOTO PRIMARIO - DN 75;JOELHO;False;75.0;
619;JOELHO 90 ESGOTO PRIM - DN 100;JOELHO 90 ESGOTO PRIMARIO - DN 100;JOELHO;False;100.0;
621;JOELHO 90 ESGOTO PRIM - DN 150;JOELHO 90 ESGOTO PRIMARIO - DN 150;JOELHO;False;150.0;
622;JOELHO 90 C/VIS ESGOTO PRIM - DN 100X50;JOELHO 90 C VIS ESGOTO PRIMARIO - DN 100X50;JOELHO;False;;
623;JOELHO 90 BRANCO C/ANEL - DN 40 X 40;JOELHO 90 BRANCO C ANEL - DN 40 X 40;JOELHO;False;40.0;
624;JOELHO AZUL 90 C/VEDACAO - DN 38 X 40;JOELHO AZUL 90 C VEDACAO - DN 38 X 40;JOELHO;False;38.0;
626;JUNCAO 45 SIMPLES P/ESGOTO SEC.  - DN 40MM;JUNCAO 45 SIMPLES P ESGOTO SECUNDARIO. - DN 40MM;;False;40.0;
627;JUNCAO 45 SIMPLES P/ESGOTO PRIM - DN 50X50;JUNCAO 45 SIMPLES P ESGOTO PRIMARIO - DN 50X50;;False;;
628;JUNCAO 45 SIMPLES P/ESGOTO PRIM - DN 75X75;JUNCAO 45 SIMPLES P ESGOTO PRIMARIO - DN 75X75;;False;;
629;JUNCAO 45 SIMPLES P/ESGOTO PRIM - DN 100X100;JUNCAO 45 SIMPLES P ESGOTO PRIMARIO - DN 100X100;;False;;
630;JUNCAO 45 SIMPLES P/ESGOTO PRIM - DN 150X150;JUNCAO 45 SIMPLES P ESGOTO PRIMARIO - DN 150X150;;False;;
633;CURVA 90 ESG. LONGA DN 40;CURVA 90 ESGOTO. LONGA DN 40;JOELHO;False;40.0;
634;CURVA 90 ESG. LONGA DN 50;CURVA 90 ESGOTO. LONGA DN 50;JOELHO;False;50.0;
635;CURVA 90 ESG. LONGA DN 75;CURVA 90 ESGOTO. LONGA DN 75;JOELHO;False;75.0;
636;CURVA 90 ESG. LONGA DN 100;CURVA 90 ESGOTO. LONGA DN 100;JOELHO;False;100.0;
637;CURVA 90 ESG. LONGA DN 150;CURVA 90 ESGOTO. LONGA DN 150;JOELHO;False;150.0;
638;JUNCAO RED.45 SIMPLES P/ESG.PRIM - DN 75X50;JUNCAO RED.45 SIMPLES P ESGOTO.PRIMARIO - DN 75X50;;False;;
639;JUNCAO RED.45 SIMPLES P/ESG.PRIM - DN 100X50;JUNCAO RED.45 SIMPLES P ESGOTO.PRIMARIO - DN 100X50;;False;;
640;JUNCAO RED.45 SIMPLES P/ESG.PRIM - DN 100X75;JUNCAO RED.45 SIMPLES P ESGOTO.PRIMARIO - DN 100X75;;False;;
641;JUNCAO RED.45 SIMPLES P/ESG.PRIM - DN 150X100;JUNCAO RED.45 SIMPLES P ESGOTO.PRIMARIO - DN 150X100;;False;;
644;LUVA ESGOTO SEC. - DN 40;LUVA ESGOTO SECUNDARIO. - DN 40;LUVA;False;40.0;
645;LUVA ESGOTO PRIM. - DN 50;LUVA ESGOTO PRIMARIO. - DN 50;LUVA;False;50.0;
646;LUVA ESGOTO PRIM. - DN 75;LUVA ESGOTO PRIMARIO. - DN 75;LUVA;False;75.0;
647;LUVA ESGOTO PRIM. - DN 100;LUVA ESGOTO PRIMARIO. - DN 100;LUVA;False;100.0;
648;LUVA ESGOTO PRIM. - DN 150;LUVA ESGOTO PRIMARIO. - DN 150;LUVA;False;150.0;
649;LUVA DE CORRER P/TUBO ESG - DN 40;LUVA DE CORRER P TUBO ESGOTO - DN 40;TUBO;True;40.0;
650;LUVA DE CORRER P/TUBO ESG - DN 50;LUVA DE CORRER P TUBO ESGOTO - DN 50;TUBO;True;50.0;
651;LUVA DE CORRER P/TUBO ESG - DN 75;LUVA DE CORRER P TUBO ESGOTO - DN 75;TUBO;True;75.0;
652;LUVA DE CORRER P/TUBO ESG - DN 100;LUVA DE CORRER P TUBO ESGOTO - DN 100;TUBO;True;100.0;
653;LUVA DE CORRER P/TUBO ESG - DN 150;LUVA DE CORRER P TUBO ESGOTO - DN 150;TUBO;True;150.0;
654;REDUCAO EXCENTRICA ESGOTO PRIM - DN   75X50;REDUCAO EXCENTRICA ESGOTO PRIMARIO - DN 75X50;REDUCAO;False;;
655;REDUCAO EXCENTRICA ESGOTO PRIM - DN 100X50;REDUCAO EXCENTRICA ESGOTO PRIMARIO - DN 100X50;REDUCAO;False;;
656;REDUCAO EXCENTRICA ESGOTO PRIM - DN 100X75;REDUCAO EXCENTRICA ESGOTO PRIMARIO - DN 100X75;REDUCAO;False;;
657;REDUCAO EXCENTRICA ESGOTO PRIM - DN 150X100;REDUCAO EXCENTRICA ESGOTO PRIMARIO - DN 150X100;REDUCAO;False;;
658;TE ESGOTO SEC. - DN 40;TE ESGOTO SECUNDARIO. - DN 40;TE;False;40.0;
659;TE ESGOTO PRIM. - DN 50X50;TE ESGOTO PRIMARIO. - DN 50X50;TE;False;;
660;TE ESGOTO PRIM. - DN 75X75;TE ESGOTO PRIMARIO. - DN 75X75;TE;False;;
661;TE ESGOTO PRIM. - DN 100X100;TE ESGOTO PRIMARIO. - DN 100X100;TE;False;;
662;TE ESGOTO PRIM. - DN 150X150;TE ESGOTO PRIMARIO. - DN 150X150;TE;False;;
663;TE REDUCAO P/ESGOTO PRIM - DN 75X50;TE REDUCAO P ESGOTO PRIMARIO - DN 75X50;TE;False;;
664;TE REDUCAO P/ESGOTO PRIM - DN 100X50;TE REDUCAO P ESGOTO PRIMARIO - DN 100X50;TE;False;;
665;TE REDUCAO P/ESGOTO PRIM - DN 100X75;TE REDUCAO P ESGOTO PRIMARIO - DN 100X75;TE;False;;
666;TE REDUCAO P/ESGOTO PRIM - DN 150X100;TE REDUCAO P ESGOTO PRIMARIO - DN 150X100;TE;False;;
668;VALVULA DE RETENCAO DE ESGOTO DN 100;VALVULA DE RETENCAO DE ESGOTO DN 100;VALVULA;False;100.0;
669;VALVULA DE RETENCAO DE ESGOTO DN 150;VALVULA DE RETENCAO DE ESGOTO DN 150;VALVULA;False;150.0;
670;ANEL DE VEDACAO P/ESG. DN 40;ANEL DE VEDACAO P ESGOTO. DN 40;;False;40.0;
671;ANEL DE VEDACAO P/ESG. DN 50;ANEL DE VEDACAO P ESGOTO. DN 50;;False;50.0;
672;ANEL DE VEDACAO P/ESG. DN 75;ANEL DE VEDACAO P ESGOTO. DN 75;;False;75.0;
673;ANEL DE VEDACAO P/ESG. DN 100;ANEL DE VEDACAO P ESGOTO. DN 100;;False;100.0;
674;ANEL DE VEDACAO P/ESG. DN 150;ANEL DE VEDACAO P ESGOTO. DN 150;;False;150.0;
675;PASTA LUBRIFICANTE 160 G;PASTA LUBRIFICANTE 160 G;PASTA LUBRIFICANTE;False;;
676;PASTA LUBRIFICANTE 400 G;PASTA LUBRIFICANTE 400 G;PASTA LUBRIFICANTE;False;;
677;PASTA LUBRIFICANTE 1 KG;PASTA LUBRIFICANTE 1 KG;PASTA LUBRIFICANTE;False;;
678;ANEL DE VEDACAO P/ESG. DN 200;ANEL DE VEDACAO P ESGOTO. DN 200;;False;200.0;
680;ASSENTO SANITARIO PREMIER BRANCO;ASSENTO SANITARIO PREMIER BRANCO;;False;;
681;ASSENTO SANITARIO PREMIER CARAMELO;ASSENTO SANITARIO PREMIER CARAMELO;;False;;
682;ASSENTO SANITARIO PREMIER CINZA CLARO;ASSENTO SANITARIO PREMIER CINZA CLARO;;False;;
683;ASSENTO SANITARIO PREMIER BEGE;ASSENTO SANITARIO PREMIER BEGE;;False;;
700;JUNCAO RED INVERTIDA ESGOTO PRIM. - DN 75X50;JUNCAO RED INVERTIDA ESGOTO PRIMARIO. - DN 75X50;;False;;
701;JUNCAO RED INVERTIDA ESGOTO PRIM. - DN 100X50;JUNCAO RED INVERTIDA ESGOTO PRIMARIO. - DN 100X50;;False;;
702;JUNCAO RED INVERTIDA ESGOTO PRIM. - DN 100X75;JUNCAO RED INVERTIDA ESGOTO PRIMARIO. - DN 100X75;;False;;
704;JUNCAO INVERTIDA ESGOTO PRIM. - DN 75X75;JUNCAO INVERTIDA ESGOTO PRIMARIO. - DN 75X75;;False;;
708;JUNCAO DUPLA ESGOTO PRIM - DN 75X75;JUNCAO DUPLA ESGOTO PRIMARIO - DN 75X75;;False;;
709;JUNCAO INVERTIDA ESGOTO PRIM. - DN 100X100;JUNCAO INVERTIDA ESGOTO PRIMARIO. - DN 100X100;;False;;
710;JUNCAO DUPLA ESGOTO PRIM - DN 100X100;JUNCAO DUPLA ESGOTO PRIMARIO - DN 100X100;;False;;
714;JOELHO 45 ESGOTO PRIM - DN 200;JOELHO 45 ESGOTO PRIMARIO - DN 200;JOELHO;False;200.0;
716;JOELHO 90 ESGOTO PRIM - DN 200;JOELHO 90 ESGOTO PRIMARIO - DN 200;JOELHO;False;200.0;
718;JUNCAO 45 SIMPLES P/ESGOTO PRIM - DN 200X200;JUNCAO 45 SIMPLES P ESGOTO PRIMARIO - DN 200X200;;False;;
720;LUVA ESGOTO PRIM. - DN 200;LUVA ESGOTO PRIMARIO. - DN 200;LUVA;False;200.0;
722;LUVA DE CORRER P/TUBO ESG - DN 200;LUVA DE CORRER P TUBO ESGOTO - DN 200;TUBO;True;200.0;
724;REDUCAO EXCENTRICA ESGOTO PRIM - DN 200X150;REDUCAO EXCENTRICA ESGOTO PRIMARIO - DN 200X150;REDUCAO;False;;
726;TE ESGOTO PRIM. - DN 200X200;TE ESGOTO PRIMARIO. - DN 200X200;TE;False;;
727;TORNEIRA BOIA PARA CAIXA D AGUA 1/2 E 3/4;TORNEIRA BOIA PARA CAIXA D AGUA 1 2 E 3 4;;False;;
728;TE DE INSPECAO ESGOTO DN 100 X 75;TE DE INSPECAO ESGOTO DN 100 X 75;TE;False;100.0;
729;CURVA 45 ESG. CURTA DN 100;CURVA 45 ESGOTO. CURTA DN 100;JOELHO;False;100.0;
732;TORNEIRA BOIA PARA BEBEDOURO 1/2;TORNEIRA BOIA PARA BEBEDOURO 1 2;;False;;
737;ADAPTADOR N1 P/VALV PIA/LAV DN 40;ADAPTADOR N1 P VALV PIA LAV DN 40;ADAPTADOR;False;40.0;
738;ADAPTADOR N2 P/VALV PIA/LAV DN 40;ADAPTADOR N2 P VALV PIA LAV DN 40;ADAPTADOR;False;40.0;
741;ENGATE PLASTICO 30CM X 1/2;ENGATE PLASTICO 30CM X 1 2;;False;;
742;ENGATE PLASTICO 40CM X 1/2;ENGATE PLASTICO 40CM X 1 2;;False;;
743;ENGATE PLASTICO 50CM X 1/2;ENGATE PLASTICO 50CM X 1 2;;False;;
744;ENGATE PLASTICO 60CM X 1/2;ENGATE PLASTICO 60CM X 1 2;;False;;
745;ENGATE PLASTICO 1METRO X 1/2;ENGATE PLASTICO 1METRO X 1 2;;False;;
750;KIT CHUVEIRO FRIO;KIT CHUVEIRO FRIO;;False;;
751;CHUVEIRO;CHUVEIRO;;False;;
752;HASTE PARA CHUVEIRO FRIO;HASTE PARA CHUVEIRO FRIO;;False;;
753;HASTE PARA CHUVEIRO ELETRICO;HASTE PARA CHUVEIRO ELETRICO;;False;;
770;PARAFUSO FIXACAO ASSENTO SANITARIO BRANCO;PARAFUSO FIXACAO ASSENTO SANITARIO BRANCO;;False;;
771;PARAFUSO FIXACAO ASSENTO SANITARIO CARAMELO;PARAFUSO FIXACAO ASSENTO SANITARIO CARAMELO;;False;;
772;PARAFUSO FIXACAO ASSENTO SANITARIO CINZA CL;PARAFUSO FIXACAO ASSENTO SANITARIO CINZA CL;;False;;
773;PARAFUSO FIXACAO ASSENTO SANITARIO BEGE;PARAFUSO FIXACAO ASSENTO SANITARIO BEGE;;False;;
781;TORNEIRA ESF.P/JARDIM/TANQUE - 1/2 E 3/4;TORNEIRA ESF.P JARDIM TANQUE - 1 2 E 3 4;;False;;
786;TORNEIRA PARA JARDIM SLIM - PRETA/PRETA;TORNEIRA PARA JARDIM SLIM - PRETA PRETA;;False;;
787;TORNEIRA PARA PIA SLIM - BRANCA/PRETA;TORNEIRA PARA PIA SLIM - BRANCA PRETA;;False;;
788;TORNEIRA PARA TANQUE SLIM - BRANCA/PRETA;TORNEIRA PARA TANQUE SLIM - BRANCA PRETA;;False;;
790;TUBO P/CX.DESC.LONGO C/CURVA;TUBO P CX.DESC.LONGO C CURVA;TUBO;True;;
791;TUBO P/CX.DESC.CURTO C/CURVA;TUBO P CX.DESC.CURTO C CURVA;TUBO;True;;
792;TUBO DESCIDA DE EMBUTIR C/CURVA P/CX.DESCARGA;TUBO DESCIDA DE EMBUTIR C CURVA P CX.DESCARGA;TUBO;True;;
793;TUBO DE DESCIDA P/VALV.DESCARGA C/JOELHO AZUL;TUBO DE DESCIDA P VALV.DESCARGA C JOELHO AZUL;TUBO;True;;
794;CURVA P/TUBO DE DESCIDA DA CX.DE DESCARGA;CURVA P TUBO DE DESCIDA DA CX.DE DESCARGA;TUBO;True;;
798;ESPUDE P/VASO SANITARIO;ESPUDE P VASO SANITARIO;;False;;
806;V1 - VALVULA P/PIA C/UNHO;V1 - VALVULA P PIA C UNHO;VALVULA;False;;
807;V2 - VALVULA P/PIA;V2 - VALVULA P PIA;VALVULA;False;;
808;V3 - VALVULA P/PIA (CORPO E TAMPA);V3 - VALVULA P PIA CORPO E TAMPA;VALVULA;False;;
809;V5 - VALVULA P/LAVATORIO C/LADRAO E UNHO;V5 - VALVULA P LAVATORIO C LADRAO E UNHO;VALVULA;False;;
810;V6 - VALVULA P/LAVATORIO C/LADRAO;V6 - VALVULA P LAVATORIO C LADRAO;VALVULA;False;;
811;V7 - VALVULA P/LAVATORIO E TANQUE C/UNHO;V7 - VALVULA P LAVATORIO E TANQUE C UNHO;VALVULA;False;;
812;V8 - VALVULA P/LAVATORIO E TANQUE;V8 - VALVULA P LAVATORIO E TANQUE;VALVULA;False;;
813;V9 - VALVULA P/ TANQUE 1.1/2;V9 - VALVULA P TANQUE 1.1 2;VALVULA;False;;
814;V10 - VALVULA P/ TANQUE DN 40;V10 - VALVULA P TANQUE DN 40;VALVULA;False;40.0;
815;T1-TAMPA P/VALVULA PIA E LAVAT.;T1 - TAMPA P VALVULA PIA E LAVAT.;VALVULA;False;;
816;T2-TAMPA P/VALVULA DE TANQUE;T2 - TAMPA P VALVULA DE TANQUE;VALVULA;False;;
817;U1 - UNHO COMPLETO P/VALVULA PIA E LAVATORIO;U1 - UNHO COMPLETO P VALVULA PIA E LAVATORIO;VALVULA;False;;
822;LAVATORIO KRONA - BRANCO 36 X 26 CM;LAVATORIO KRONA - BRANCO 36 X 26 CM;;False;;
836;KIT PORTINHOLA P/VALVULA RETENCAO DN100;KIT PORTINHOLA P VALVULA RETENCAO DN100;VALVULA;False;100.0;
837;KIT PORTINHOLA P/VALVULA RETENCAO DN150;KIT PORTINHOLA P VALVULA RETENCAO DN150;VALVULA;False;150.0;
838;KIT TAMPA P/VALVULA RETENCAO DN100;KIT TAMPA P VALVULA RETENCAO DN100;VALVULA;False;100.0;
839;KIT TAMPA P/VALVULA RETENCAO DN150;KIT TAMPA P VALVULA RETENCAO DN150;VALVULA;False;150.0;
840;KIT SIFAO PARA CAIXA SIFONADA DN100;KIT SIFAO PARA CAIXA SIFONADA DN100;;False;100.0;
841;KIT SIFAO PARA CAIXA SIFONADA DN150;KIT SIFAO PARA CAIXA SIFONADA DN150;;False;150.0;
859;MULTISIFAO LONGO (TUBO EXTENSIVEL) 1500MM;MULTISIFAO LONGO TUBO EXTENSIVEL 1500MM;TUBO;True;;
860;MULTISIFAO SIMPLES (TUBO EXTENSIVEL);MULTISIFAO SIMPLES TUBO EXTENSIVEL;TUBO;True;;
861;MULTISIFAO DUPLO (TUBO EXTENSIVEL);MULTISIFAO DUPLO TUBO EXTENSIVEL;TUBO;True;;
862;MULTISIFAO SIMPLES (TUBO EXTENSIVEL) COM 48;MULTISIFAO SIMPLES TUBO EXTENSIVEL COM 48;TUBO;True;;
870;TE RED SOLD - 85 X 60MM;TE RED SOLDAVEL - 85 X 60MM;TE;False;60.0;
872;TE RED SOLD - 110 X 60MM;TE RED SOLDAVEL - 110 X 60MM;TE;False;60.0;
873;TE RED SOLD - 110 X 75MM;TE RED SOLDAVEL - 110 X 75MM;TE;False;75.0;
874;TE RED SOLD - 60 X 25MM;TE RED SOLDAVEL - 60 X 25MM;TE;False;25.0;
875;LUVA DE CORRER ROSCAVEL 1/2;LUVA DE CORRER ROSCAVEL 1 2;LUVA;False;;
876;LUVA DE CORRER ROSCAVEL 3/4;LUVA DE CORRER ROSCAVEL 3 4;LUVA;False;;
904;CX.SIFONADA NR.05 QUAD.BRANCA 100 X 100 X 50;CX.SIFONADA NR.05 QUAD.BRANCA 100 X 100 X 50;;False;;
906;CX.SIFONADA NR.07 RED.BRANCA   100 X 100 X 50;CX.SIFONADA NR.07 RED.BRANCA 100 X 100 X 50;;False;;
908;CX.SIFONADA NR.09 QUAD.BRANCA 100 X 150 X 50;CX.SIFONADA NR.09 QUAD.BRANCA 100 X 150 X 50;;False;;
910;CX. SIFONADA NR.11 RED. BRANCA 100X150X50;CX. SIFONADA NR.11 RED. BRANCA 100X150X50;;False;;
912;CX.SIF.NR.13 C/GRELHA QUADR.BR.150 X 150 X 50;CX.SIF.NR.13 C GRELHA QUADR.BR.150 X 150 X 50;;False;;
914;CX.SIF.NR.15 C/GRELHA RED.BR.150 X 150 X 50;CX.SIF.NR.15 C GRELHA RED.BR.150 X 150 X 50;;False;;
916;CX.SIF.NR.17 C/GRELHA QUADR.BR.150 X 185 X 75;CX.SIF.NR.17 C GRELHA QUADR.BR.150 X 185 X 75;;False;;
918;CX.SIF.NR.19 C/GRELHA RED.BR.150 X 185 X 75;CX.SIF.NR.19 C GRELHA RED.BR.150 X 185 X 75;;False;;
922;RALO SIF.N.37 RED.C/ GRELHA RED.100 X 38 X 40;RALO SIF.N.37 RED.C GRELHA RED.100 X 38 X 40;;False;;
924;CX.SIF. NR.21 QUAD. DN 250 X 172 X 50;CX.SIF. NR.21 QUAD. DN 250 X 172 X 50;;False;250.0;
925;CX.SIF. NR.22 QUAD. DN 250 X 230 X 75;CX.SIF. NR.22 QUAD. DN 250 X 230 X 75;;False;250.0;
926;CX.SIF. NR.23 RED. DN 250 X 172 X 50;CX.SIF. NR.23 RED. DN 250 X 172 X 50;;False;250.0;
927;CX.SIF. NR.24 RED. DN 250 X 230 X 75;CX.SIF. NR.24 RED. DN 250 X 230 X 75;;False;250.0;
928;CORPO CAIXA SIFONADA NR.28 100 X 100 X 50;CORPO CAIXA SIFONADA NR.28 100 X 100 X 50;;False;;
929;CORPO CAIXA SIFONADA NR.31 150 X 150 X 50;CORPO CAIXA SIFONADA NR.31 150 X 150 X 50;;False;;
930;CORPO CX. SIFONADA NR.32 100X150X50;CORPO CX. SIFONADA NR.32 100X150X50;;False;;
931;RALO SIFONADO QUADR.NR.43 BR. 100 X 52 X 40;RALO SIFONADO QUADR.NR.43 BR. 100 X 52 X 40;;False;;
936;GRELHA NR.50 QUADR.BR.P/CX.SIFONADA 100;GRELHA NR.50 QUADR.BR.P CX.SIFONADA 100;;False;;
937;GRELHA NR.51 QUADR.CROMADA CX.SIF.100;GRELHA NR.51 QUADR.CROMADA CX.SIF.100;;False;;
938;GRELHA NR.52 QUADR.BRANCA       CX.SIF.150;GRELHA NR.52 QUADR.BRANCA CX.SIF.150;;False;;
939;GRELHA NR.53 QUADR.CROMADA    CX.SIF.150;GRELHA NR.53 QUADR.CROMADA CX.SIF.150;;False;;
940;GRELHA NR.54 REDONDA BRANCA CX.SIF.100;GRELHA NR.54 REDONDA BRANCA CX.SIF.100;;False;;
941;GRELHA NR.55 REDONDA CROMADA  CX.SIF.100;GRELHA NR.55 REDONDA CROMADA CX.SIF.100;;False;;
942;GRELHA NR.56 REDONDA BRANCA CX.SIF.150;GRELHA NR.56 REDONDA BRANCA CX.SIF.150;;False;;
943;GRELHA NR.57 REDONDA CROMADA  CX.SIF.150;GRELHA NR.57 REDONDA CROMADA CX.SIF.150;;False;;
944;PORTA GRELHA NR.58 QUADR.BRANCA  CX.SIF. 100;PORTA GRELHA NR.58 QUADR.BRANCA CX.SIF. 100;;False;;
946;PORTA GRELHA NR.60 QUADR.CROMADO CX.SIF.100;PORTA GRELHA NR.60 QUADR.CROMADO CX.SIF.100;;False;;
947;PORTA GRELHA NR.61 QUADR.BRANCA .CX.SIF.150;PORTA GRELHA NR.61 QUADR.BRANCA .CX.SIF.150;;False;;
949;PORTA GRELHA NR.63 QUADR.CROMADO CX.SIF.150;PORTA GRELHA NR.63 QUADR.CROMADO CX.SIF.150;;False;;
950;PORTA GRELHA NR.64 RED.BR.CX.SIF.100X100X50;PORTA GRELHA NR.64 RED.BR.CX.SIF.100X100X50;;False;;
952;PORTA GRELHA NR.66 RED.CROMADO CX.SIF.100;PORTA GRELHA NR.66 RED.CROMADO CX.SIF.100;;False;;
953;PORTA GRELHA NR.67 RED.BR.CX.SIF.150X150X50;PORTA GRELHA NR.67 RED.BR.CX.SIF.150X150X50;;False;;
955;PORTA GRELHA NR.69 RED.CROMADO CX.SIF.150;PORTA GRELHA NR.69 RED.CROMADO CX.SIF.150;;False;;
956;PORTA GRELHA RED.NR.70 CX 250;PORTA GRELHA RED.NR.70 CX 250;;False;;
957;PORTA GRELHA QUAD.NR.71 CX 250;PORTA GRELHA QUAD.NR.71 CX 250;;False;;
958;TAMPA REDONDA NR.72 P/ CX SIF.250;TAMPA REDONDA NR.72 P CX SIF.250;TAMPA;False;;
960;VALVULA P/POCO C/FILTRO - 3/4;VALVULA P POCO C FILTRO - 3 4;VALVULA;False;;
961;VALVULA P/POCO C/FILTRO - 1;VALVULA P POCO C FILTRO - 1;VALVULA;False;;
962;VALVULA P/POCO C/FILTRO - 1.1/2;VALVULA P POCO C FILTRO - 1.1 2;VALVULA;False;;
963;VALVULA P/POCO C/FILTRO - 2;VALVULA P POCO C FILTRO - 2;VALVULA;False;;
964;PROLONGAMENTO DN 250 X 200MM;PROLONGAMENTO DN 250 X 200MM;;False;250.0;
965;PROLONGAMENTO CAIXA SIFONADA DN 150 X 150MM;PROLONGAMENTO CAIXA SIFONADA DN 150 X 150MM;;False;150.0;
966;PROLONGAMENTO CAIXA SIFONADA DN 150 X 200MM;PROLONGAMENTO CAIXA SIFONADA DN 150 X 200MM;;False;150.0;
967;CORPO CAIXA SIFONADA NR.33 150 X 185 X 75;CORPO CAIXA SIFONADA NR.33 150 X 185 X 75;;False;;
968;CORPO CAIXA SIFONADA NR.34 250 X 172 X 50;CORPO CAIXA SIFONADA NR.34 250 X 172 X 50;;False;;
969;CORPO CAIXA SIFONADA NR.35 250 X 230 X 75;CORPO CAIXA SIFONADA NR.35 250 X 230 X 75;;False;;
983;CAIXA SIF QUADRADA CROM 7 ENTRADAS 150X150X50;CAIXA SIF QUADRADA CROM 7 ENTRADAS 150X150X50;;False;;
984;CAIXA SIF REDONDA CROM 7 ENTRADAS 150X150X50;CAIXA SIF REDONDA CROM 7 ENTRADAS 150X150X50;;False;;
985;CAIXA SIF QUADRADA CROM 3 ENTRADAS 100X100X50;CAIXA SIF QUADRADA CROM 3 ENTRADAS 100X100X50;;False;;
986;CAIXA SIF REDONDA CROM 3 ENTRADAS 100X100X50;CAIXA SIF REDONDA CROM 3 ENTRADAS 100X100X50;;False;;
1061;JOGO ESGUICHO P/MANG.1/2 - 3/4 AMARELO/PRETO;JOGO ESGUICHO P MANG.1 2 - 3 4 AMARELO PRETO;;False;;
1100;TUBO ELETRODUTO ROSC.ANTICHAMA -    1/2;TUBO ELETRODUTO ROSCAVEL.ANTICHAMA - 1 2;TUBO;True;;
1101;TUBO ELETRODUTO ROSC.ANTICHAMA -    3/4;TUBO ELETRODUTO ROSCAVEL.ANTICHAMA - 3 4;TUBO;True;;
1102;TUBO ELETRODUTO ROSC.ANTICHAMA -     1;TUBO ELETRODUTO ROSCAVEL.ANTICHAMA - 1;TUBO;True;;
1103;TUBO ELETRODUTO ROSC.ANTICHAMA - 1.1/4;TUBO ELETRODUTO ROSCAVEL.ANTICHAMA - 1.1 4;TUBO;True;;
1104;TUBO ELETRODUTO ROSC.ANTICHAMA - 1.1/2;TUBO ELETRODUTO ROSCAVEL.ANTICHAMA - 1.1 2;TUBO;True;;
1105;TUBO ELETRODUTO ROSC.ANTICHAMA -     2;TUBO ELETRODUTO ROSCAVEL.ANTICHAMA - 2;TUBO;True;;
1106;TUBO ELETRODUTO ROSC.ANTICHAMA -     3;TUBO ELETRODUTO ROSCAVEL.ANTICHAMA - 3;TUBO;True;;
1107;TUBO ELETRODUTO ROSC.ANTICHAMA -     4;TUBO ELETRODUTO ROSCAVEL.ANTICHAMA - 4;TUBO;True;;
1108;TUBO ELETRODUTO ROSC.ANTICHAMA -     2.1/2;TUBO ELETRODUTO ROSCAVEL.ANTICHAMA - 2.1 2;TUBO;True;;
1142;CURVA 90 R.CURTO P/ELETRODUTO ROSC. 1/2;CURVA 90 R.CURTO P ELETRODUTO ROSCAVEL. 1 2;JOELHO;False;;
1143;CURVA 90 R.CURTO P/ELETRODUTO ROSC. 3/4;CURVA 90 R.CURTO P ELETRODUTO ROSCAVEL. 3 4;JOELHO;False;;
1144;CURVA 90 R.CURTO P/ELETRODUTO ROSC. 1;CURVA 90 R.CURTO P ELETRODUTO ROSCAVEL. 1;JOELHO;False;;
1145;CURVA 90 R.CURTO P/ELETRODUTO ROSC. 1.1/4;CURVA 90 R.CURTO P ELETRODUTO ROSCAVEL. 1.1 4;JOELHO;False;;
1146;CURVA 90° CURTA ELETRODUTO ROSCAVEL 1.1/2;CURVA 90 CURTA ELETRODUTO ROSCAVEL 1.1 2;JOELHO;False;;
1151;CURVA 90 R.LONGO P/ELETRODUTO ROSC. 1/2;CURVA 90 R.LONGO P ELETRODUTO ROSCAVEL. 1 2;JOELHO;False;;
1152;CURVA 90 R.LONGO P/ELETRODUTO ROSC. 3/4;CURVA 90 R.LONGO P ELETRODUTO ROSCAVEL. 3 4;JOELHO;False;;
1153;CURVA 90 R.LONGO P/ELETRODUTO ROSC. 1;CURVA 90 R.LONGO P ELETRODUTO ROSCAVEL. 1;JOELHO;False;;
1154;CURVA 90 R.LONGO P/ELETRO ROSC. 1.1/4;CURVA 90 R.LONGO P ELETRO ROSCAVEL. 1.1 4;JOELHO;False;;
1155;CURVA 90 PARA ELETRODUTO ROSCAVEL DE 1 1/2;CURVA 90 PARA ELETRODUTO ROSCAVEL DE 1 1 2;JOELHO;False;;
1156;CURVA 90º PARA ELETRODUTO ROSCAVEL 2;CURVA 90 PARA ELETRODUTO ROSCAVEL 2;JOELHO;False;;
1157;CURVA 90º PARA ELETRODUTO ROSCAVEL 2.1/2;CURVA 90 PARA ELETRODUTO ROSCAVEL 2.1 2;JOELHO;False;;
1158;CURVA 90º PARA ELETRODUTO ROSCAVEL 3;CURVA 90 PARA ELETRODUTO ROSCAVEL 3;JOELHO;False;;
1159;CURVA 90º PARA ELETRODUTO ROSCAVEL 4;CURVA 90 PARA ELETRODUTO ROSCAVEL 4;JOELHO;False;;
1160;CURVA 135 P/ELETRODUTO ROSC. 3/4;CURVA 135 P ELETRODUTO ROSCAVEL. 3 4;JOELHO;False;;
1161;CURVA 135 P/ELETRODUTO ROSC. 1;CURVA 135 P ELETRODUTO ROSCAVEL. 1;JOELHO;False;;
1162;CURVA 180 P/ELETRODUTO ROSC. 3/4;CURVA 180 P ELETRODUTO ROSCAVEL. 3 4;JOELHO;False;;
1163;CURVA 180 P/ELETRODUTO ROSC. 1;CURVA 180 P ELETRODUTO ROSCAVEL. 1;JOELHO;False;;
1165;TERMINAL VENTILAÇÃO ESGOTO DN50;TERMINAL VENTILACAO ESGOTO DN50;;False;50.0;
1166;TERMINAL VENTILAÇÃO ESGOTO DN75;TERMINAL VENTILACAO ESGOTO DN75;;False;75.0;
1167;TERMINAL VENTILAÇÃO ESGOTO DN100;TERMINAL VENTILACAO ESGOTO DN100;;False;100.0;
1168;LUVA DE ESGOTO COM FIXADOR DN 100;LUVA DE ESGOTO COM FIXADOR DN 100;LUVA;False;100.0;
1169;LUVA DE ESGOTO COM FIXADOR DN 150;LUVA DE ESGOTO COM FIXADOR DN 150;LUVA;False;150.0;
1181;LUVA P/ELETRODUTO ROSC. 1/2;LUVA P ELETRODUTO ROSCAVEL. 1 2;LUVA;False;;
1182;LUVA P/ELETRODUTO ROSC. 3/4;LUVA P ELETRODUTO ROSCAVEL. 3 4;LUVA;False;;
1183;LUVA P/ELETRODUTO ROSC. 1;LUVA P ELETRODUTO ROSCAVEL. 1;LUVA;False;;
1184;LUVA P/ELETRODUTO ROSC. 1.1/4;LUVA P ELETRODUTO ROSCAVEL. 1.1 4;LUVA;False;;
1185;LUVA P/ELETRODUTO ROSC. 1.1/2;LUVA P ELETRODUTO ROSCAVEL. 1.1 2;LUVA;False;;
1186;LUVA P/ELETRODUTO ROSC. 2;LUVA P ELETRODUTO ROSCAVEL. 2;LUVA;False;;
1187;LUVA P/ELETRODUTO ROSC. 3;LUVA P ELETRODUTO ROSCAVEL. 3;LUVA;False;;
1188;LUVA P/ELETRODUTO ROSC. 4;LUVA P ELETRODUTO ROSCAVEL. 4;LUVA;False;;
1200;TUBO ELETRODUTO PVC RIGIDO SOLDAVEL 20MM;TUBO ELETRODUTO PVC RIGIDO SOLDAVEL 20MM;TUBO;True;20.0;
1201;TUBO ELETRODUTO PVC RIGIDO SOLDAVEL 25MM;TUBO ELETRODUTO PVC RIGIDO SOLDAVEL 25MM;TUBO;True;25.0;
1202;TUBO ELETRODUTO PVC RIGIDO SOLDAVEL 32MM;TUBO ELETRODUTO PVC RIGIDO SOLDAVEL 32MM;TUBO;True;32.0;
1207;LUVA P/ELETRODUTO SOLDAVEL 20MM;LUVA P ELETRODUTO SOLDAVEL 20MM;LUVA;False;20.0;
1208;LUVA P/ELETRODUTO SOLDAVEL 25MM;LUVA P ELETRODUTO SOLDAVEL 25MM;LUVA;False;25.0;
1218;CURVA 90 P/ELETRODUTO SOLD.20MM;CURVA 90 P ELETRODUTO SOLDAVEL.20MM;JOELHO;False;20.0;
1219;CURVA 90 P/ELETRODUTO SOLD.25MM;CURVA 90 P ELETRODUTO SOLDAVEL.25MM;JOELHO;False;25.0;
1220;CURVA 90 P/ELETRODUTO SOLD.32MM;CURVA 90 P ELETRODUTO SOLDAVEL.32MM;JOELHO;False;32.0;
1225;ELETROD. PVC FLEX CORRUGADO 20MM - 10 METROS;ELETROD. PVC FLEX CORRUGADO 20MM - 10 METROS;;False;20.0;
1226;ELETROD. PVC FLEX CORRUGADO 20MM - 25 METROS;ELETROD. PVC FLEX CORRUGADO 20MM - 25 METROS;;False;20.0;
1227;ELETROD. PVC FLEX CORRUGADO 25MM - 10 METROS;ELETROD. PVC FLEX CORRUGADO 25MM - 10 METROS;;False;25.0;
1228;ELETROD. PVC FLEX CORRUGADO 25MM - 25 METROS;ELETROD. PVC FLEX CORRUGADO 25MM - 25 METROS;;False;25.0;
1229;ELETROD. PVC FLEX CORRUGADO 32MM - 10 METROS;ELETROD. PVC FLEX CORRUGADO 32MM - 10 METROS;;False;32.0;
1230;ELETRODUTO DE PVC FLEX CORRUGADO 20MM - 50 MT;ELETRODUTO DE PVC FLEX CORRUGADO 20MM - 50 MT;;False;20.0;
1231;ELETRODUTO DE PVC FLEX CORRUGADO 25MM - 50 MT;ELETRODUTO DE PVC FLEX CORRUGADO 25MM - 50 MT;;False;25.0;
1232;ELETRODUTO DE PVC FLEX CORRUGADO 32MM - 25 MT;ELETRODUTO DE PVC FLEX CORRUGADO 32MM - 25 MT;;False;32.0;
1233;ELETROD PVC FLEX CORRUG REF AZUL 25MM 50 MT;ELETROD PVC FLEX CORRUG REF AZUL 25MM 50 MT;;False;25.0;
1234;ELETROD PVC FLEX CORRUG REF AZUL 32MM 25 MT;ELETROD PVC FLEX CORRUG REF AZUL 32MM 25 MT;;False;32.0;
1235;ELETROD PVC FLEX CORRUG REFORCADO 20MM 50 MT;ELETROD PVC FLEX CORRUG REFORCADO 20MM 50 MT;;False;20.0;
1236;ELETROD PVC FLEX CORRUG REFORCADO 25MM 50 MT;ELETROD PVC FLEX CORRUG REFORCADO 25MM 50 MT;;False;25.0;
1237;ELETROD PVC FLEX CORRUG REFORCADO 32MM 25 MT;ELETROD PVC FLEX CORRUG REFORCADO 32MM 25 MT;;False;32.0;
1245;LUVA PRESSAO P/ ELETR.CORRUGADO AMARELO 20MM;LUVA PRESSAO P ELETR.CORRUGADO AMARELO 20MM;LUVA;False;20.0;
1246;LUVA PRESSAO P/ ELETR.CORRUGADO AMARELO 25MM;LUVA PRESSAO P ELETR.CORRUGADO AMARELO 25MM;LUVA;False;25.0;
1247;LUVA PRESSAO P/ ELETR.CORRUGADO AMARELO 32MM;LUVA PRESSAO P ELETR.CORRUGADO AMARELO 32MM;LUVA;False;32.0;
1250;LUVA PRESSAO P/ELETR.CORRUGADO REFORCADO 20MM;LUVA PRESSAO P ELETR.CORRUGADO REFORCADO 20MM;LUVA;False;20.0;
1251;LUVA PRESSAO P/ELETR.CORRUGADO REFORCADO 25MM;LUVA PRESSAO P ELETR.CORRUGADO REFORCADO 25MM;LUVA;False;25.0;
1252;LUVA PRESSAO P/ELETR.CORRUGADO REFORCADO 32MM;LUVA PRESSAO P ELETR.CORRUGADO REFORCADO 32MM;LUVA;False;32.0;
1254;CAIXA DE LUZ OCTOGONAL REFORCADO 4X4;CAIXA DE LUZ OCTOGONAL REFORCADO 4X4;;False;;
1255;CAIXA DE LUZ OCTOGONAL 4X4;CAIXA DE LUZ OCTOGONAL 4X4;;False;;
1256;CAIXA DE CENTRO P/LAJE 250;CAIXA DE CENTRO P LAJE 250;;False;;
1257;CAIXA DE CENTRO P/LAJE 300;CAIXA DE CENTRO P LAJE 300;;False;;
1260;PROLONGADOR PARA CAIXA OCTOGONAL;PROLONGADOR PARA CAIXA OCTOGONAL;;False;;
1261;PROLONGADOR PARA CAIXA OCTOGONAL REFORCADO;PROLONGADOR PARA CAIXA OCTOGONAL REFORCADO;;False;;
1265;CAIXA DE LUZ P/ELETR. FLEXIVEL CORRUGADO 4X2;CAIXA DE LUZ P ELETR. FLEXIVEL CORRUGADO 4X2;;False;;
1266;CAIXA DE LUZ P/ELETR. FLEXIVEL CORRUGADO 4X4;CAIXA DE LUZ P ELETR. FLEXIVEL CORRUGADO 4X4;;False;;
1270;QUADRO DISTR 4D/3N EMBUTIR;QUADRO DISTR 4D 3N EMBUTIR;;False;;
1271;QUADRO DISTR 8D/6N EMBUTIR SEM BARRAMENTO;QUADRO DISTR 8D 6N EMBUTIR SEM BARRAMENTO;;False;;
1272;QUADRO DISTR 12D/9N EMBUTIR SEM BARRAMENTO;QUADRO DISTR 12D 9N EMBUTIR SEM BARRAMENTO;;False;;
1273;QUADRO DISTR 16D/11N EMBUTIR SEM BARRAMENTO;QUADRO DISTR 16D 11N EMBUTIR SEM BARRAMENTO;;False;;
1274;QUADRO DISTR 24D/18N EMBUTIR SEM BARRAMENTO;QUADRO DISTR 24D 18N EMBUTIR SEM BARRAMENTO;;False;;
1275;QUADRO DISTR 36D/27N EMBUTIR SEM BARRAMENTO;QUADRO DISTR 36D 27N EMBUTIR SEM BARRAMENTO;;False;;
1277;QUADRO DISTR 8D/6N EMBUTIR COM BARRAMENTO;QUADRO DISTR 8D 6N EMBUTIR COM BARRAMENTO;;False;;
1278;QUADRO DISTR 12D/9N EMBUTIR COM BARRAMENTO;QUADRO DISTR 12D 9N EMBUTIR COM BARRAMENTO;;False;;
1279;QUADRO DISTR 16D/11N EMBUTIR COM BARRAMENTO;QUADRO DISTR 16D 11N EMBUTIR COM BARRAMENTO;;False;;
1280;QUADRO DISTR 24D/18N EMBUTIR COM BARRAMENTO;QUADRO DISTR 24D 18N EMBUTIR COM BARRAMENTO;;False;;
1281;QUADRO DISTR 36D/27N EMBUTIR COM BARRAMENTO;QUADRO DISTR 36D 27N EMBUTIR COM BARRAMENTO;;False;;
1283;QUADRO DISTR 4D/3N SOBREPOR;QUADRO DISTR 4D 3N SOBREPOR;;False;;
1284;QUADRO DISTR 8D/6N SOBREPOR SEM BARRAMENTO;QUADRO DISTR 8D 6N SOBREPOR SEM BARRAMENTO;;False;;
1285;QUADRO DISTR 12D/9N SOBREPOR SEM BARRAMENTO;QUADRO DISTR 12D 9N SOBREPOR SEM BARRAMENTO;;False;;
1286;QUADRO DISTR 16D/11N SOBREPOR SEM BARRAMENTO;QUADRO DISTR 16D 11N SOBREPOR SEM BARRAMENTO;;False;;
1287;QUADRO DISTR 24D/18N SOBREPOR SEM BARRAMENTO;QUADRO DISTR 24D 18N SOBREPOR SEM BARRAMENTO;;False;;
1288;QUADRO DISTR 36D/27N SEM BARRAMENTO;QUADRO DISTR 36D 27N SEM BARRAMENTO;;False;;
1290;QUADRO DISTR 8D/6N SOBREPOR COM BARRAMENTO;QUADRO DISTR 8D 6N SOBREPOR COM BARRAMENTO;;False;;
1291;QUADRO DISTR 12D/9N SOBREPOR COM BARRAMENTO;QUADRO DISTR 12D 9N SOBREPOR COM BARRAMENTO;;False;;
1292;QUADRO DISTR 16D/11N SOBREPOR COM BARRAMENTO;QUADRO DISTR 16D 11N SOBREPOR COM BARRAMENTO;;False;;
1293;QUADRO DISTR 24D/18N SOBREPOR COM BARRAMENTO;QUADRO DISTR 24D 18N SOBREPOR COM BARRAMENTO;;False;;
1294;QUADRO DISTR 36D/27N COM BARRAMENTO;QUADRO DISTR 36D 27N COM BARRAMENTO;;False;;
1296;CAIXA DE PROTECAO S DISJUNTOR;CAIXA DE PROTECAO S DISJUNTOR;;False;;
1298;CAIXA DE PASSAGEM ELETRICA DE PISO DN300;CAIXA DE PASSAGEM ELETRICA DE PISO DN300;;False;300.0;
1299;ADAPTADOR VEDANTE UNIVERSAL CX PASS ELETRICA;ADAPTADOR VEDANTE UNIVERSAL CX PASS ELETRICA;ADAPTADOR;False;;
1300;FITA ISOLANTE ANTI-CHAMA C/CELOF.19MM X  5M;FITA ISOLANTE ANTI - CHAMA C CELOF.19MM X 5M;;False;19.0;5.0
1301;FITA ISOLANTE ANTI-CHAMA C/CELOF.19MM X 10M;FITA ISOLANTE ANTI - CHAMA C CELOF.19MM X 10M;;False;19.0;10.0
1302;FITA ISOLANTE ANTI-CHAMA C/CELOF.19MM X 20M;FITA ISOLANTE ANTI - CHAMA C CELOF.19MM X 20M;;False;19.0;
1303;KIT BARRAMENTO 8 FUROS X 5MM (DIAMENTRO);KIT BARRAMENTO 8 FUROS X 5MM DIAMENTRO;;False;5.0;
1304;KIT BARRAMENTO 12 FUROS X 5MM (DIAMETRO);KIT BARRAMENTO 12 FUROS X 5MM DIAMETRO;;False;5.0;
1305;KIT BARRAMENTO 16 FUROS X 5MM (DIAMETRO);KIT BARRAMENTO 16 FUROS X 5MM DIAMETRO;;False;5.0;
1306;KIT BARRAMENTO 24 FUROS X 5MM (DIAMETRO);KIT BARRAMENTO 24 FUROS X 5MM DIAMETRO;;False;5.0;
1307;KIT BARRAMENTO 36 FUROS X 5MM (DIAMETRO);KIT BARRAMENTO 36 FUROS X 5MM DIAMETRO;;False;5.0;
1308;QUADRO SISTEMA VDI 30X20 - EMBUTIR;QUADRO SISTEMA VDI 30X20 - EMBUTIR;;False;;
1309;QUADRO SISTEMA VDI 30X35 - EMBUTIR;QUADRO SISTEMA VDI 30X35 - EMBUTIR;;False;;
1310;QUADRO SISTEMA VDI 30X50 - EMBUTIR;QUADRO SISTEMA VDI 30X50 - EMBUTIR;;False;;
1311;QUADRO SISTEMA VDI 30X20 - SOBREPOR;QUADRO SISTEMA VDI 30X20 - SOBREPOR;;False;;
1312;QUADRO SISTEMA VDI 30X35 - SOBREPOR;QUADRO SISTEMA VDI 30X35 - SOBREPOR;;False;;
1313;QUADRO SISTEMA VDI 30X50 - SOBREPOR;QUADRO SISTEMA VDI 30X50 - SOBREPOR;;False;;
1314;CAIXA PASSAGEM ELETRICA PAREDE 25X20 EMBUTIR;CAIXA PASSAGEM ELETRICA PAREDE 25X20 EMBUTIR;;False;;
1315;CAIXA PASSAGEM ELETRICA PAREDE 30X20 EMBUTIR;CAIXA PASSAGEM ELETRICA PAREDE 30X20 EMBUTIR;;False;;
1316;CAIXA PASSAGEM ELETRICA PAREDE 30X35 EMBUTIR;CAIXA PASSAGEM ELETRICA PAREDE 30X35 EMBUTIR;;False;;
1317;CAIXA PASSAGEM ELETRICA PAREDE 30X50 EMBUTIR;CAIXA PASSAGEM ELETRICA PAREDE 30X50 EMBUTIR;;False;;
1318;CAIXA PASSAGEM ELETRICA PAREDE 25X20 SOBREPOR;CAIXA PASSAGEM ELETRICA PAREDE 25X20 SOBREPOR;;False;;
1319;CAIXA PASSAGEM ELETRICA PAREDE 30X20 SOBREPOR;CAIXA PASSAGEM ELETRICA PAREDE 30X20 SOBREPOR;;False;;
1320;CAIXA PASSAGEM ELETRICA PAREDE 30X35 SOBREPOR;CAIXA PASSAGEM ELETRICA PAREDE 30X35 SOBREPOR;;False;;
1321;CAIXA PASSAGEM ELETRICA PAREDE 30X50 SOBREPOR;CAIXA PASSAGEM ELETRICA PAREDE 30X50 SOBREPOR;;False;;
1324;COLAR DE TOMADA 50MM X 1/2;COLAR DE TOMADA 50MM X 1 2;;False;50.0;
1325;COLAR DE TOMADA 50MM X 3/4;COLAR DE TOMADA 50MM X 3 4;;False;50.0;
1326;COLAR DE TOMADA 60MM X 1/2;COLAR DE TOMADA 60MM X 1 2;;False;60.0;
1327;COLAR DE TOMADA 60MM X 3/4;COLAR DE TOMADA 60MM X 3 4;;False;60.0;
1328;KIT TAMPA/MOLDURA QUADRO DIST 4;KIT TAMPA MOLDURA QUADRO DIST 4;TAMPA;False;;
1329;KIT TAMPA/MOLDURA QUADRO DIST 8;KIT TAMPA MOLDURA QUADRO DIST 8;TAMPA;False;;
1330;KIT TAMPA/MOLDURA QUADRO DIST 12;KIT TAMPA MOLDURA QUADRO DIST 12;TAMPA;False;;
1331;KIT TAMPA/MOLDURA QUADRO DIST 16;KIT TAMPA MOLDURA QUADRO DIST 16;TAMPA;False;;
1332;KIT TAMPA/MOLDURA QUADRO DIST 24;KIT TAMPA MOLDURA QUADRO DIST 24;TAMPA;False;;
1333;KIT TAMPA/MOLDURA QUADRO DIST 36;KIT TAMPA MOLDURA QUADRO DIST 36;TAMPA;False;;
1334;BUCHA DE REDUCAO CURTA ULTRATERM - 22 X 15;BUCHA DE REDUCAO CURTA ULTRATERM - 22 X 15;BUCHA;False;;
1335;BUCHA DE REDUCAO CURTA ULTRATERM - 28 X 15;BUCHA DE REDUCAO CURTA ULTRATERM - 28 X 15;BUCHA;False;;
1336;BUCHA DE REDUCAO CURTA ULTRATERM - 28 X 22;BUCHA DE REDUCAO CURTA ULTRATERM - 28 X 22;BUCHA;False;;
1337;CAP ULTRATERM - 15MM;CAP ULTRATERM - 15MM;CAP;False;15.0;
1338;CAP ULTRATERM - 22MM;CAP ULTRATERM - 22MM;CAP;False;22.0;
1339;CAP ULTRATERM - 28MM;CAP ULTRATERM - 28MM;CAP;False;28.0;
1340;CONECTOR RM ULTRATERM - 15 X 1/2;CONECTOR RM ULTRATERM - 15 X 1 2;;False;;
1341;CONECTOR RM ULTRATERM - 22 X 1/2;CONECTOR RM ULTRATERM - 22 X 1 2;;False;;
1342;CONECTOR RM ULTRATERM - 22 X 3/4;CONECTOR RM ULTRATERM - 22 X 3 4;;False;;
1343;CONECTOR RM ULTRATERM - 28 X 1;CONECTOR RM ULTRATERM - 28 X 1;;False;;
1344;JOELHO 45° ULTRATERM - 15MM;JOELHO 45 ULTRATERM - 15MM;JOELHO;False;15.0;
1345;JOELHO 45° ULTRATERM - 22MM;JOELHO 45 ULTRATERM - 22MM;JOELHO;False;22.0;
1346;JOELHO 45° ULTRATERM - 28MM;JOELHO 45 ULTRATERM - 28MM;JOELHO;False;28.0;
1347;JOELHO 90° ULTRATERM - 15MM;JOELHO 90 ULTRATERM - 15MM;JOELHO;False;15.0;
1348;JOELHO 90° ULTRATERM - 22MM;JOELHO 90 ULTRATERM - 22MM;JOELHO;False;22.0;
1349;JOELHO 90° ULTRATERM - 28MM;JOELHO 90 ULTRATERM - 28MM;JOELHO;False;28.0;
1350;JOELHO 90° TRANSICAO RF ULTRATERM - 15 X 1/2;JOELHO 90 TRANSICAO RF ULTRATERM - 15 X 1 2;JOELHO;False;;
1351;JOELHO 90° TRANSICAO RF ULTRATERM - 22 X 1/2;JOELHO 90 TRANSICAO RF ULTRATERM - 22 X 1 2;JOELHO;False;;
1352;JOELHO 90° TRANSICAO RF ULTRATERM - 22 X 3/4;JOELHO 90 TRANSICAO RF ULTRATERM - 22 X 3 4;JOELHO;False;;
1353;JOELHO 90° TRANSICAO RF ULTRATERM - 28 X 1;JOELHO 90 TRANSICAO RF ULTRATERM - 28 X 1;JOELHO;False;;
1354;LUVA DE CORRER ULTRATERM  - 15MM;LUVA DE CORRER ULTRATERM - 15MM;LUVA;False;15.0;
1355;LUVA DE CORRER ULTRATERM  - 22MM;LUVA DE CORRER ULTRATERM - 22MM;LUVA;False;22.0;
1356;LUVA DE CORRER ULTRATERM  - 28MM;LUVA DE CORRER ULTRATERM - 28MM;LUVA;False;28.0;
1357;LUVA ULTRATERM - 15MM;LUVA ULTRATERM - 15MM;LUVA;False;15.0;
1358;LUVA ULTRATERM - 22MM;LUVA ULTRATERM - 22MM;LUVA;False;22.0;
1359;LUVA ULTRATERM - 28MM;LUVA ULTRATERM - 28MM;LUVA;False;28.0;
1360;LUVA TRANSICAO F/F ULTRATERM X SOLD- 15X20MM;LUVA TRANSICAO F F ULTRATERM X SOLDAVEL - 15X20MM;LUVA;False;;
1361;LUVA TRANSICAO F/F ULTRATERM X SOLD- 22X25MM;LUVA TRANSICAO F F ULTRATERM X SOLDAVEL - 22X25MM;LUVA;False;;
1362;LUVA DE TRANSICAO RF ULTRATERM - 15 X 1/2;LUVA DE TRANSICAO RF ULTRATERM - 15 X 1 2;LUVA;False;;
1363;LUVA DE TRANSICAO RF ULTRATERM - 22 X 1/2;LUVA DE TRANSICAO RF ULTRATERM - 22 X 1 2;LUVA;False;;
1364;LUVA DE TRANSICAO RF ULTRATERM - 22 X 3/4;LUVA DE TRANSICAO RF ULTRATERM - 22 X 3 4;LUVA;False;;
1365;LUVA DE TRANSICAO RF ULTRATERM - 28 X 1;LUVA DE TRANSICAO RF ULTRATERM - 28 X 1;LUVA;False;;
1366;TE ULTRATERM - 15MM;TE ULTRATERM - 15MM;TE;False;15.0;
1367;TE ULTRATERM - 22MM;TE ULTRATERM - 22MM;TE;False;22.0;
1368;TE ULTRATERM - 28MM;TE ULTRATERM - 28MM;TE;False;28.0;
1369;TE MISTURADOR RF ULTRATERM - 15 X 1/2;TE MISTURADOR RF ULTRATERM - 15 X 1 2;TE;False;;
1370;TE MISTURADOR RF ULTRATERM - 22 X 3/4;TE MISTURADOR RF ULTRATERM - 22 X 3 4;TE;False;;
1371;TE DE REDUCAO ULTRATERM -  22 X 15;TE DE REDUCAO ULTRATERM - 22 X 15;TE;False;;
1372;TE DE REDUCAO ULTRATERM -  28 X 15;TE DE REDUCAO ULTRATERM - 28 X 15;TE;False;;
1373;TE DE REDUCAO ULTRATERM - 28 X 22;TE DE REDUCAO ULTRATERM - 28 X 22;TE;False;;
1374;TE DE TRANSICAO ULTRATERM - 15 X 1/2;TE DE TRANSICAO ULTRATERM - 15 X 1 2;TE;False;;
1375;TE DE TRANSICAO ULTRATERM - 22 X 1/2;TE DE TRANSICAO ULTRATERM - 22 X 1 2;TE;False;;
1376;TE DE TRANSICAO ULTRATERM - 22 X 3/4;TE DE TRANSICAO ULTRATERM - 22 X 3 4;TE;False;;
1377;TE MISTURADOR M/F/M ULTRATERM - 15MM;TE MISTURADOR M F M ULTRATERM - 15MM;TE;False;15.0;
1378;TE MISTURADOR M/F/M ULTRATERM - 22MM;TE MISTURADOR M F M ULTRATERM - 22MM;TE;False;22.0;
1379;UNIAO F/F ULTRATERM - 15MM;UNIAO F F ULTRATERM - 15MM;UNIAO;False;15.0;
1380;UNIAO F/F ULTRATERM - 22MM;UNIAO F F ULTRATERM - 22MM;UNIAO;False;22.0;
1381;UNIAO F/F ULTRATERM - 28MM;UNIAO F F ULTRATERM - 28MM;UNIAO;False;28.0;
1382;CURVA 90° ULTRATERM - 15MM;CURVA 90 ULTRATERM - 15MM;JOELHO;False;15.0;
1383;CURVA 90° ULTRATERM - 22MM;CURVA 90 ULTRATERM - 22MM;JOELHO;False;22.0;
1384;CURVA 90° ULTRATERM - 28MM;CURVA 90 ULTRATERM - 28MM;JOELHO;False;28.0;
1385;CURVA DE TRANSPOSICAO ULTRATERM - 15MM;CURVA DE TRANSPOSICAO ULTRATERM - 15MM;JOELHO;False;15.0;
1386;CURVA DE TRANSPOSICAO ULTRATERM - 22MM;CURVA DE TRANSPOSICAO ULTRATERM - 22MM;JOELHO;False;22.0;
1387;ADESIVO PLASTICO ULTRATERM - BISNAGA 17G;ADESIVO PLASTICO ULTRATERM - BISNAGA 17G;ADESIVO;False;;
1388;ADESIVO PLASTICO ULTRATERM - BISNAGA 75G;ADESIVO PLASTICO ULTRATERM - BISNAGA 75G;ADESIVO;False;;
1389;ADESI PLAST C PIN APLIC ULTRATERM -FRSC 175G;ADESI PLAST C PIN APLIC ULTRATERM - FRSC 175G;;False;;
1390;ADESIVO PLASTICO ULTRATERM - FRASCO 850G;ADESIVO PLASTICO ULTRATERM - FRASCO 850G;ADESIVO;False;;
1400;BUCHA REDUCAO ESGOTO SERIE REFORCADA DN50X40;BUCHA REDUCAO ESGOTO SERIE REFORCADA DN50X40;BUCHA;False;;
1401;CAP ESGOTO SERIE REFORCADA DN 40;CAP ESGOTO SERIE REFORCADA DN 40;CAP;False;40.0;
1402;CAP ESGOTO SERIE REFORCADA DN 50;CAP ESGOTO SERIE REFORCADA DN 50;CAP;False;50.0;
1403;CAP ESGOTO SERIE REFORCADA DN 75;CAP ESGOTO SERIE REFORCADA DN 75;CAP;False;75.0;
1404;CAP ESGOTO SERIE REFORCADA DN 100;CAP ESGOTO SERIE REFORCADA DN 100;CAP;False;100.0;
1405;CAP ESGOTO SERIE REFORCADA DN 150;CAP ESGOTO SERIE REFORCADA DN 150;CAP;False;150.0;
1407;CURVA 90° ESGOTO SERIE REFORCADA DN 50;CURVA 90 ESGOTO SERIE REFORCADA DN 50;JOELHO;False;50.0;
1409;CURVA 90° CURTA PE COLUNA ESG SER REF DN75;CURVA 90 CURTA PE COLUNA ESGOTO SER REF DN75;JOELHO;False;75.0;
1410;CURVA 90° CURTA PE COLUNA SERIE REFORC. DN100;CURVA 90 CURTA PE COLUNA SERIE REFORC. DN100;JOELHO;False;100.0;
1411;CURVA 90° CURTA PE COLUNA SER REF DN150;CURVA 90 CURTA PE COLUNA SER REF DN150;JOELHO;False;150.0;
1413;JOELHO 45° ESGOTO SERIE REFORCADA DN40;JOELHO 45 ESGOTO SERIE REFORCADA DN40;JOELHO;False;40.0;
1414;JOELHO 45° ESGOTO SERIE REFORCADA DN50;JOELHO 45 ESGOTO SERIE REFORCADA DN50;JOELHO;False;50.0;
1415;JOELHO 45° ESGOTO SERIE REFORCADA DN75;JOELHO 45 ESGOTO SERIE REFORCADA DN75;JOELHO;False;75.0;
1416;JOELHO 45° ESGOTO SERIE REFORCADA DN100;JOELHO 45 ESGOTO SERIE REFORCADA DN100;JOELHO;False;100.0;
1417;JOELHO 45 ESGOTO SERIE REFORCADA DN150;JOELHO 45 ESGOTO SERIE REFORCADA DN150;JOELHO;False;150.0;
1419;JOELHO 90° ESGOTO SERIE REFORCADA DN40;JOELHO 90 ESGOTO SERIE REFORCADA DN40;JOELHO;False;40.0;
1420;JOELHO 90° ESGOTO SERIE REFORCADA DN50;JOELHO 90 ESGOTO SERIE REFORCADA DN50;JOELHO;False;50.0;
1421;JOELHO 90° ESGOTO SERIE REFORCADA DN75;JOELHO 90 ESGOTO SERIE REFORCADA DN75;JOELHO;False;75.0;
1422;JOELHO 90° ESGOTO SERIE REFORCADA DN100;JOELHO 90 ESGOTO SERIE REFORCADA DN100;JOELHO;False;100.0;
1423;JOELHO 90 ESGOTO SERIE REFORCADA DN150;JOELHO 90 ESGOTO SERIE REFORCADA DN150;JOELHO;False;150.0;
1425;CURVA 90º ESGOTO SERIE REFORCADA DN75;CURVA 90 ESGOTO SERIE REFORCADA DN75;JOELHO;False;75.0;
1426;JUNCAO DUPLA ESGOTO SERIE REFORCADA DN 100;JUNCAO DUPLA ESGOTO SERIE REFORCADA DN 100;;False;100.0;
1427;JUNCAO SIMPLES ESGOTO SERIE REFORCADA DN40;JUNCAO SIMPLES ESGOTO SERIE REFORCADA DN40;;False;40.0;
1428;JUNCAO SIMPLES ESGOTO SERIE REFORCADA DN50;JUNCAO SIMPLES ESGOTO SERIE REFORCADA DN50;;False;50.0;
1429;JUNCAO SIMPLES ESGOTO SERIE REFORCADA DN75;JUNCAO SIMPLES ESGOTO SERIE REFORCADA DN75;;False;75.0;
1430;JUNCAO SIMPLES ESGOTO SERIE REFORCADA DN100;JUNCAO SIMPLES ESGOTO SERIE REFORCADA DN100;;False;100.0;
1431;JUNCAO SIMPLES ESGOTO SERIE REFORCADA DN150;JUNCAO SIMPLES ESGOTO SERIE REFORCADA DN150;;False;150.0;
1433;JUNCAO SIMPLES RED ESG SER REF DN75X50;JUNCAO SIMPLES RED ESGOTO SER REF DN75X50;;False;;
1434;JUNCAO SIMP. RED. ESG. SER. REFORC. DN 100X50;JUNCAO SIMP. RED. ESGOTO. SER. REFORC. DN 100X50;;False;;
1435;JUNCAO SIMP.RED. ESG. SER. REFORC. DN100X75;JUNCAO SIMP.RED. ESGOTO. SER. REFORC. DN100X75;;False;;
1436;JUNCAO SIMPLES RED ESG SER REF DN150X100;JUNCAO SIMPLES RED ESGOTO SER REF DN150X100;;False;;
1438;LUVA SIMPLES ESGOTO SERIE REFORCADA DN40;LUVA SIMPLES ESGOTO SERIE REFORCADA DN40;LUVA;False;40.0;
1439;LUVA SIMPLES ESGOTO SERIE REFORCADA DN50;LUVA SIMPLES ESGOTO SERIE REFORCADA DN50;LUVA;False;50.0;
1440;LUVA SIMPLES ESGOTO SERIE REFORCADA DN75;LUVA SIMPLES ESGOTO SERIE REFORCADA DN75;LUVA;False;75.0;
1441;LUVA SIMPLES ESGOTO SERIE REFORCADA DN100;LUVA SIMPLES ESGOTO SERIE REFORCADA DN100;LUVA;False;100.0;
1442;LUVA SIMPLES ESGOTO SERIE REFORCADA DN150;LUVA SIMPLES ESGOTO SERIE REFORCADA DN150;LUVA;False;150.0;
1444;LUVA CORRER ESGOTO SERIE REFORCADA DN 40;LUVA CORRER ESGOTO SERIE REFORCADA DN 40;LUVA;False;40.0;
1445;LUVA CORRER ESGOTO SERIE REFORCADA DN 50;LUVA CORRER ESGOTO SERIE REFORCADA DN 50;LUVA;False;50.0;
1446;LUVA CORRER ESGOTO SERIE REFORCADA DN 75;LUVA CORRER ESGOTO SERIE REFORCADA DN 75;LUVA;False;75.0;
1447;LUVA CORRER ESGOTO SERIE REFORCADA DN 100;LUVA CORRER ESGOTO SERIE REFORCADA DN 100;LUVA;False;100.0;
1448;LUVA CORRER ESGOTO SERIE REFORCADA DN 150;LUVA CORRER ESGOTO SERIE REFORCADA DN 150;LUVA;False;150.0;
1450;REDUCAO EXCENTRICA ESG SER REF DN75X50;REDUCAO EXCENTRICA ESGOTO SER REF DN75X50;REDUCAO;False;;
1451;REDUCAO EXCENTRICA ESG SER REF DN200X150;REDUCAO EXCENTRICA ESGOTO SER REF DN200X150;REDUCAO;False;;
1452;RED. EXCENTRICA ESGOTO SERIE REFOC. DN100X75;RED. EXCENTRICA ESGOTO SERIE REFOC. DN100X75;;False;;
1453;REDUCAO EXCENTRICA ESG SER REF DN150X100;REDUCAO EXCENTRICA ESGOTO SER REF DN150X100;REDUCAO;False;;
1456;TE ESGOTO SERIE REFORCADA DN40;TE ESGOTO SERIE REFORCADA DN40;TE;False;40.0;
1457;TE ESGOTO SERIE REFORCADA  DN50;TE ESGOTO SERIE REFORCADA DN50;TE;False;50.0;
1458;TE ESGOTO SERIE REFORCADA DN75;TE ESGOTO SERIE REFORCADA DN75;TE;False;75.0;
1459;TE ESGOTO SERIE REFORCADA DN100;TE ESGOTO SERIE REFORCADA DN100;TE;False;100.0;
1460;TE ESGOTO SERIE REFORCADA DN150;TE ESGOTO SERIE REFORCADA DN150;TE;False;150.0;
1462;TE DE REDUCAO SERIE REFORCADA 75X50;TE DE REDUCAO SERIE REFORCADA 75X50;TE;False;;
1463;TE DE REDUCAO ESGOTO SERIE REFORCADA DN100X50;TE DE REDUCAO ESGOTO SERIE REFORCADA DN100X50;TE;False;;
1464;TE DE REDUCAO ESGOTO SERIE REFORCADA DN100X75;TE DE REDUCAO ESGOTO SERIE REFORCADA DN100X75;TE;False;;
1465;TE DE REDUCAO ESGOTO SERIE REFORÇADA DN 150X100;TE DE REDUCAO ESGOTO SERIE REFORCADA DN 150X100;TE;False;;
1467;TE DE INSPECAO ESGOTO SERIE REFORCADA DN75X75;TE DE INSPECAO ESGOTO SERIE REFORCADA DN75X75;TE;False;;
1468;TE DE INSPECAO ESGOTO SERIE REF DN100X75;TE DE INSPECAO ESGOTO SERIE REF DN100X75;TE;False;;
1469;TE INSP ESGOTO SR DN 150X100;TE INSP ESGOTO SERIE REFORCADA DN 150X100;TE;False;;
1472;JOELHO 90° C/ VISITA ESG SER REF DN100X75;JOELHO 90 C VISITA ESGOTO SER REF DN100X75;JOELHO;False;;
1481;CAIXA DE GORDURA DN300;CAIXA DE GORDURA DN300;;False;300.0;
1482;CAIXA DE INSPECAO DE ESGOTO DN300;CAIXA DE INSPECAO DE ESGOTO DN300;;False;300.0;
1483;CAIXA DE AREIA DN300;CAIXA DE AREIA DN300;;False;300.0;
1484;CAIXA COLETORA DE AGUA PLUVIAL DN300;CAIXA COLETORA DE AGUA PLUVIAL DN300;;False;300.0;
1485;PROLONGADOR DN300;PROLONGADOR DN300;;False;300.0;
1486;KIT TAMPA DN 300;KIT TAMPA DN 300;TAMPA;False;300.0;
1487;KIT GRELHA DN 300;KIT GRELHA DN 300;;False;300.0;
1488;KIT PORTA-TAMPA/GRELHA DN 300;KIT PORTA - TAMPA GRELHA DN 300;TAMPA;False;300.0;
1489;KIT CESTO PARA CAIXA DE GORDURA;KIT CESTO PARA CAIXA DE GORDURA;;False;;
1490;KIT TELA ANTI-INSETO CAIXA DE AREIA;KIT TELA ANTI - INSETO CAIXA DE AREIA;;False;;
1499;ADAPTADOR TRANS F/F PPR 20X1/2;ADAPTADOR TRANS F F PPR 20X1 2;ADAPTADOR;False;;
1501;ADAPTADOR TRANS F/F PPR 25X1/2;ADAPTADOR TRANS F F PPR 25X1 2;ADAPTADOR;False;;
1502;ADAPTADOR TRANS F/F PPR 20X3/4;ADAPTADOR TRANS F F PPR 20X3 4;ADAPTADOR;False;;
1503;ADAPTADOR TRANS F/F PPR 25X3/4;ADAPTADOR TRANS F F PPR 25X3 4;ADAPTADOR;False;;
1504;ADAPTADOR TRANS F/F PPR 32X3/4;ADAPTADOR TRANS F F PPR 32X3 4;ADAPTADOR;False;;
1505;ADAPTADOR TRANS F/F PPR 32X1;ADAPTADOR TRANS F F PPR 32X1;ADAPTADOR;False;;
1506;ADAPTADOR TRANS F/F PPR 40X1.1/4;ADAPTADOR TRANS F F PPR 40X1.1 4;ADAPTADOR;False;;
1507;ADAPTADOR TRANS F/F PPR 50X1.1/2;ADAPTADOR TRANS F F PPR 50X1.1 2;ADAPTADOR;False;;
1508;ADAPTADOR TRANS F/F PPR 63X2;ADAPTADOR TRANS F F PPR 63X2;ADAPTADOR;False;;
1509;ADAPTADOR TRANS F/F PPR 75X2.1/2;ADAPTADOR TRANS F F PPR 75X2.1 2;ADAPTADOR;False;;
1510;ADAPTADOR TRANS F/F PPR 90X3;ADAPTADOR TRANS F F PPR 90X3;ADAPTADOR;False;;
1512;ADAPTADOR TRANS F/M PPR 20X1/2;ADAPTADOR TRANS F M PPR 20X1 2;ADAPTADOR;False;;
1513;ADAPTADOR TRANS F/M PPR 20X3/4;ADAPTADOR TRANS F M PPR 20X3 4;ADAPTADOR;False;;
1514;ADAPTADOR TRANS F/M PPR 25X1/2;ADAPTADOR TRANS F M PPR 25X1 2;ADAPTADOR;False;;
1515;ADAPTADOR TRANS F/M PPR 25X3/4;ADAPTADOR TRANS F M PPR 25X3 4;ADAPTADOR;False;;
1516;ADAPTADOR TRANS F/M PPR 32X3/4;ADAPTADOR TRANS F M PPR 32X3 4;ADAPTADOR;False;;
1517;ADAPTADOR TRANS F/M PPR 32X1;ADAPTADOR TRANS F M PPR 32X1;ADAPTADOR;False;;
1518;ADAPTADOR TRANS F/M PPR 40X1.1/4;ADAPTADOR TRANS F M PPR 40X1.1 4;ADAPTADOR;False;;
1519;ADAPTADOR TRANS F/M PPR 50X1.1/2;ADAPTADOR TRANS F M PPR 50X1.1 2;ADAPTADOR;False;;
1520;ADAPTADOR TRANS F/M PPR 63X2;ADAPTADOR TRANS F M PPR 63X2;ADAPTADOR;False;;
1521;ADAPTADOR TRANS F/M PPR 75X2 1.2;ADAPTADOR TRANS F M PPR 75X2 1.2;ADAPTADOR;False;;
1522;ADAPTADOR TRANS F/M PPR 90X3;ADAPTADOR TRANS F M PPR 90X3;ADAPTADOR;False;;
1524;BUCHA REDU M/F PPR 25X20MM;BUCHA REDU M F PPR 25X20MM;BUCHA;False;;
1525;BUCHA REDU M/F PPR 32X20MM;BUCHA REDU M F PPR 32X20MM;BUCHA;False;;
1526;BUCHA REDU M/F PPR 32X25MM;BUCHA REDU M F PPR 32X25MM;BUCHA;False;;
1527;BUCHA REDU M/F PPR 40X25MM;BUCHA REDU M F PPR 40X25MM;BUCHA;False;;
1528;BUCHA REDU M/F PPR 40X32MM;BUCHA REDU M F PPR 40X32MM;BUCHA;False;;
1529;BUCHA REDU M/F PPR 50X25MM;BUCHA REDU M F PPR 50X25MM;BUCHA;False;;
1530;BUCHA REDU M/F PPR 50X32MM;BUCHA REDU M F PPR 50X32MM;BUCHA;False;;
1531;BUCHA REDU M/F PPR 50X40MM;BUCHA REDU M F PPR 50X40MM;BUCHA;False;;
1532;BUCHA REDU M/F PPR 63X40MM;BUCHA REDU M F PPR 63X40MM;BUCHA;False;;
1533;BUCHA REDU M/F PPR 63X50MM;BUCHA REDU M F PPR 63X50MM;BUCHA;False;;
1534;BUCHA REDU M/F PPR 75X50MM;BUCHA REDU M F PPR 75X50MM;BUCHA;False;;
1535;BUCHA REDU M/F PPR 75X63MM;BUCHA REDU M F PPR 75X63MM;BUCHA;False;;
1536;BUCHA REDU M/F PPR 90X63MM;BUCHA REDU M F PPR 90X63MM;BUCHA;False;;
1537;BUCHA REDU M/F PPR 90X75MM;BUCHA REDU M F PPR 90X75MM;BUCHA;False;;
1538;BUCHA REDU M/F PPR 110X75MM;BUCHA REDU M F PPR 110X75MM;BUCHA;False;;
1539;BUCHA REDU M/F PPR 110X90MM;BUCHA REDU M F PPR 110X90MM;BUCHA;False;;
1540;CAP PPR 20MM;CAP PPR 20MM;CAP;False;20.0;
1541;CAP PPR 25MM;CAP PPR 25MM;CAP;False;25.0;
1542;CAP PPR 32MM;CAP PPR 32MM;CAP;False;32.0;
1543;CAP PPR 40MM;CAP PPR 40MM;CAP;False;40.0;
1544;CAP PPR 50MM;CAP PPR 50MM;CAP;False;50.0;
1545;CAP PPR 63MM;CAP PPR 63MM;CAP;False;63.0;
1546;CAP PPR 75MM;CAP PPR 75MM;CAP;False;75.0;
1547;CAP PPR 90MM;CAP PPR 90MM;CAP;False;90.0;
1548;CAP PPR 110MM;CAP PPR 110MM;CAP;False;110.0;
1549;CURVA 90 F/F PPR 20MM;CURVA 90 F F PPR 20MM;JOELHO;False;20.0;
1550;CURVA 90 F/F PPR 25MM;CURVA 90 F F PPR 25MM;JOELHO;False;25.0;
1551;CURVA 90 F/F PPR 32MM;CURVA 90 F F PPR 32MM;JOELHO;False;32.0;
1552;CURVA TRANSP F/F PPR 20MM;CURVA TRANSP F F PPR 20MM;JOELHO;False;20.0;
1553;CURVA TRANSP F/F PPR 25MM;CURVA TRANSP F F PPR 25MM;JOELHO;False;25.0;
1554;CURVA TRANSP F/F PPR 32MM;CURVA TRANSP F F PPR 32MM;JOELHO;False;32.0;
1555;JOELHO 45 F/F PPR 20MM;JOELHO 45 F F PPR 20MM;JOELHO;False;20.0;
1556;JOELHO 45 F/F PPR 25MM;JOELHO 45 F F PPR 25MM;JOELHO;False;25.0;
1557;JOELHO 45 F/F PPR 32MM;JOELHO 45 F F PPR 32MM;JOELHO;False;32.0;
1558;JOELHO 45 F/F PPR 40MM;JOELHO 45 F F PPR 40MM;JOELHO;False;40.0;
1559;JOELHO 45 F/F PPR 50MM;JOELHO 45 F F PPR 50MM;JOELHO;False;50.0;
1560;JOELHO 45 F/F PPR 63MM;JOELHO 45 F F PPR 63MM;JOELHO;False;63.0;
1561;JOELHO 45 F/F PPR 75MM;JOELHO 45 F F PPR 75MM;JOELHO;False;75.0;
1562;JOELHO 45 F/F PPR 90MM;JOELHO 45 F F PPR 90MM;JOELHO;False;90.0;
1563;JOELHO 45 F/F PPR 110MM;JOELHO 45 F F PPR 110MM;JOELHO;False;110.0;
1564;JOELHO 45 F/M PPR 20MM;JOELHO 45 F M PPR 20MM;JOELHO;False;20.0;
1565;JOELHO 45 F/M PPR 25MM;JOELHO 45 F M PPR 25MM;JOELHO;False;25.0;
1566;JOELHO 90 F/F INS MET PPR 20X1/2;JOELHO 90 F F INS MET PPR 20X1 2;JOELHO;False;;
1567;JOELHO 90 F/F INS MET PPR 25X3/4;JOELHO 90 F F INS MET PPR 25X3 4;JOELHO;False;;
1568;JOELHO 90 F/F INS MET PPR 32X3/4;JOELHO 90 F F INS MET PPR 32X3 4;JOELHO;False;;
1569;JOELHO 90 F/F INS MET PPR 32X1;JOELHO 90 F F INS MET PPR 32X1;JOELHO;False;;
1570;JOELHO 90 F/F PPR 20MM;JOELHO 90 F F PPR 20MM;JOELHO;False;20.0;
1571;JOELHO 90 F/F PPR 25MM;JOELHO 90 F F PPR 25MM;JOELHO;False;25.0;
1572;JOELHO 90 F/F PPR 32MM;JOELHO 90 F F PPR 32MM;JOELHO;False;32.0;
1573;JOELHO 90 F/F PPR 40MM;JOELHO 90 F F PPR 40MM;JOELHO;False;40.0;
1574;JOELHO 90 F/F PPR 50MM;JOELHO 90 F F PPR 50MM;JOELHO;False;50.0;
1575;JOELHO 90 F/F PPR 63MM;JOELHO 90 F F PPR 63MM;JOELHO;False;63.0;
1576;JOELHO 90 F/F PPR 75MM;JOELHO 90 F F PPR 75MM;JOELHO;False;75.0;
1577;JOELHO 90 F/F PPR 90MM;JOELHO 90 F F PPR 90MM;JOELHO;False;90.0;
1578;JOELHO 90 F/F PPR 110MM;JOELHO 90 F F PPR 110MM;JOELHO;False;110.0;
1579;JOELHO 90 F/M INS MET PPR 20X1/2;JOELHO 90 F M INS MET PPR 20X1 2;JOELHO;False;;
1580;JOELHO 90 F/M INS MET PPR 25X3/4;JOELHO 90 F M INS MET PPR 25X3 4;JOELHO;False;;
1581;JOELHO 90 F/M INS MET PPR 32X3/4;JOELHO 90 F M INS MET PPR 32X3 4;JOELHO;False;;
1582;JOELHO 90 F/M INS MET PPR 32X1;JOELHO 90 F M INS MET PPR 32X1;JOELHO;False;;
1583;JOELHO 90 F/M PPR 20MM;JOELHO 90 F M PPR 20MM;JOELHO;False;20.0;
1584;JOELHO 90 F/M PPR 25MM;JOELHO 90 F M PPR 25MM;JOELHO;False;25.0;
1585;JOELHO 90 F/M PPR 32MM;JOELHO 90 F M PPR 32MM;JOELHO;False;32.0;
1586;LUVA REDU F/F PPR 25X20MM;LUVA REDU F F PPR 25X20MM;LUVA;False;;
1587;LUVA REDU F/F PPR 32X20MM;LUVA REDU F F PPR 32X20MM;LUVA;False;;
1588;LUVA REDU F/F PPR 32X25MM;LUVA REDU F F PPR 32X25MM;LUVA;False;;
1589;LUVA SIMPLES F/F PPR 20MM;LUVA SIMPLES F F PPR 20MM;LUVA;False;20.0;
1590;LUVA SIMPLES F/F PPR 25MM;LUVA SIMPLES F F PPR 25MM;LUVA;False;25.0;
1591;LUVA SIMPLES F/F PPR 32MM;LUVA SIMPLES F F PPR 32MM;LUVA;False;32.0;
1592;LUVA SIMPLES F/F PPR 40MM;LUVA SIMPLES F F PPR 40MM;LUVA;False;40.0;
1593;LUVA SIMPLES F/F PPR 50MM;LUVA SIMPLES F F PPR 50MM;LUVA;False;50.0;
1594;LUVA SIMPLES F/F PPR 63MM;LUVA SIMPLES F F PPR 63MM;LUVA;False;63.0;
1595;LUVA SIMPLES F/F PPR 75MM;LUVA SIMPLES F F PPR 75MM;LUVA;False;75.0;
1596;LUVA SIMPLES F/F PPR 90MM;LUVA SIMPLES F F PPR 90MM;LUVA;False;90.0;
1597;LUVA SIMPLES F/F PPR 110MM;LUVA SIMPLES F F PPR 110MM;LUVA;False;110.0;
1598;MISTURADOR F/M/M PPR 20MM;MISTURADOR F M M PPR 20MM;;False;20.0;
1599;MISTURADOR F/M/M PPR 25MM;MISTURADOR F M M PPR 25MM;;False;25.0;
1770;MISTURADOR INS MET F/F/F PPR 20X1/2;MISTURADOR INS MET F F F PPR 20X1 2;;False;;
1771;MISTURADOR INS MET F/F/F PPR 25X3/4;MISTURADOR INS MET F F F PPR 25X3 4;;False;;
1772;PLUG PPR 1/2;PLUG PPR 1 2;;False;;
1773;PLUG PPR 3/4;PLUG PPR 3 4;;False;;
1786;TARUGOS PARA REPAROS PPR 8MM;TARUGOS PARA REPAROS PPR 8MM;;False;8.0;
1787;TE F/F/F CENT INS MET PPR 20X1/2X20;TE F F F CENT INS MET PPR 20X1 2X20;TE;False;;
1788;TE F/F/F CENT INS MET PPR 25X1/2X25;TE F F F CENT INS MET PPR 25X1 2X25;TE;False;;
1789;TE F/F/F CENT INS MET PPR 25X3/4X25;TE F F F CENT INS MET PPR 25X3 4X25;TE;False;;
1790;TE F/F/F CENT INS MET PPR 32X1/2X32;TE F F F CENT INS MET PPR 32X1 2X32;TE;False;;
1791;TE F/F/F CENT INS MET PPR 32X3/4X32;TE F F F CENT INS MET PPR 32X3 4X32;TE;False;;
1792;TE F/F/F CENT INS MET PPR 32X1X32;TE F F F CENT INS MET PPR 32X1X32;TE;False;;
1793;TE F/F/F PPR 20MM;TE F F F PPR 20MM;TE;False;20.0;
1794;TE F/F/F PPR 25MM;TE F F F PPR 25MM;TE;False;25.0;
1795;TE F/F/F PPR 32MM;TE F F F PPR 32MM;TE;False;32.0;
1796;TE F/F/F PPR 40MM;TE F F F PPR 40MM;TE;False;40.0;
1797;TE F/F/F PPR 50MM;TE F F F PPR 50MM;TE;False;50.0;
1798;TE F/F/F PPR 63MM;TE F F F PPR 63MM;TE;False;63.0;
1799;TE F/F/F PPR 75MM;TE F F F PPR 75MM;TE;False;75.0;
1802;TE F/F/F REDU CENT PPR 25X20X25MM;TE F F F REDU CENT PPR 25X20X25MM;TE;False;;
1803;TE F/F/F REDU CENT PPR 32X20X32MM;TE F F F REDU CENT PPR 32X20X32MM;TE;False;;
1804;TE F/F/F REDU CENT PPR 32X25X32MM;TE F F F REDU CENT PPR 32X25X32MM;TE;False;;
1805;TE F/F/F REDU CENT PPR 40X25X40MM;TE F F F REDU CENT PPR 40X25X40MM;TE;False;;
1806;TE F/F/F REDU CENT PPR 40X32X40MM;TE F F F REDU CENT PPR 40X32X40MM;TE;False;;
1807;TE F/F/F REDU CENT PPR 50X25X50MM;TE F F F REDU CENT PPR 50X25X50MM;TE;False;;
1808;TE F/F/F REDU CENT PPR 50X32X50MM;TE F F F REDU CENT PPR 50X32X50MM;TE;False;;
1809;TE F/F/F REDU CENT PPR 50X40X50MM;TE F F F REDU CENT PPR 50X40X50MM;TE;False;;
1810;TE F/F/F REDU CENT PPR 63X40X63MM;TE F F F REDU CENT PPR 63X40X63MM;TE;False;;
1811;TE F/F/F REDU CENT PPR 63X50X63MM;TE F F F REDU CENT PPR 63X50X63MM;TE;False;;
1812;TE F/F/F REDU CENT PPR 75X50X75MM;TE F F F REDU CENT PPR 75X50X75MM;TE;False;;
1813;TE F/F/F REDU CENT PPR 75X63X75MM;TE F F F REDU CENT PPR 75X63X75MM;TE;False;;
1814;TE F/F/F REDU CENT PPR 90X63X90MM;TE F F F REDU CENT PPR 90X63X90MM;TE;False;;
1815;TE F/F/F REDU CENT PPR 90X75X90MM;TE F F F REDU CENT PPR 90X75X90MM;TE;False;;
1816;TE F/F/F REDU CENT PPR 110X75X110MM;TE F F F REDU CENT PPR 110X75X110MM;TE;False;;
1817;TE F/F/F REDU CENT PPR 110X90X110MM;TE F F F REDU CENT PPR 110X90X110MM;TE;False;;
1818;TE F/M/F CENT INS MET PPR 20X1/2X20;TE F M F CENT INS MET PPR 20X1 2X20;TE;False;;
1819;TE F/M/F CENT INS MET PPR 25X1/2X25;TE F M F CENT INS MET PPR 25X1 2X25;TE;False;;
1820;TE F/M/F CENT INS MET PPR 25X3/4X25;TE F M F CENT INS MET PPR 25X3 4X25;TE;False;;
1821;TE F/M/F CENT INS MET PPR 32X1/2X32;TE F M F CENT INS MET PPR 32X1 2X32;TE;False;;
1822;TE F/M/F CENT INS MET PPR 32X3/4X32;TE F M F CENT INS MET PPR 32X3 4X32;TE;False;;
1823;TE F/M/F CENT INS MET PPR 32X1X32;TE F M F CENT INS MET PPR 32X1X32;TE;False;;
1824;UNIAO PPR 20MM;UNIAO PPR 20MM;UNIAO;False;20.0;
1825;UNIAO PPR 25MM;UNIAO PPR 25MM;UNIAO;False;25.0;
1826;UNIAO PPR 32MM;UNIAO PPR 32MM;UNIAO;False;32.0;
1827;BOCAL M/F 20MM;BOCAL M F 20MM;;False;20.0;
1828;BOCAL M/F 25MM;BOCAL M F 25MM;;False;25.0;
1829;BOCAL M/F 32MM;BOCAL M F 32MM;;False;32.0;
1830;BOCAL M/F 40MM;BOCAL M F 40MM;;False;40.0;
1831;BOCAL M/F 50MM;BOCAL M F 50MM;;False;50.0;
1832;BOCAL M/F 63MM;BOCAL M F 63MM;;False;63.0;
1833;BOCAL M/F 75MM;BOCAL M F 75MM;;False;75.0;
1834;BOCAL M/F 90MM;BOCAL M F 90MM;;False;90.0;
1835;BOCAL M/F 110MM;BOCAL M F 110MM;;False;110.0;
1836;CORTA-TUBOS PARA PPR DE 50 A 110MM;CORTA - TUBOS PARA PPR DE 50 A 110MM;;False;110.0;
1838;TESOURA PARA CORTE DE TUBO PPR;TESOURA PARA CORTE DE TUBO PPR;TUBO;True;;
1840;TERMOFUSOR 110V R63;TERMOFUSOR 110V R63;;False;;
1841;TERMOFUSOR 1000W/220V R63;TERMOFUSOR 1000W 220V R63;;False;;
1842;TERMOFUSOR 1200W/220V R110;TERMOFUSOR 1200W 220V R110;;False;;
1844;TERMOFUSOR 800W/110V R63;TERMOFUSOR 800W 110V R63;;False;;
1845;JOELHO 90 F/F INS MET PPR 25X1/2;JOELHO 90 F F INS MET PPR 25X1 2;JOELHO;False;;
1889;BOCAL P/ REPARAR TUBULACAO 7MM;BOCAL P REPARAR TUBULACAO 7MM;;False;7.0;
1890;BOCAL P/ REPARAR TUBULACAO 11MM;BOCAL P REPARAR TUBULACAO 11MM;;False;11.0;
1892;TE F/F/F PPR 90MM;TE F F F PPR 90MM;TE;False;90.0;
1893;TE F/F/F PPR 110MM;TE F F F PPR 110MM;TE;False;110.0;
